,n_est,loss,estimatorsErrors,estimatorsWeights,estimatorsSampleWeights,learning_rate,averageLoss,kerasEpochs,kerasBatchSize,dropout,nn1,keraslr,input_dim,testLoss,meanTestLoss,fullTestLoss,real_n_est
0,15,exponential,"[0.0002141  0.000257   0.00043082 0.00092057 0.00222156 0.00524146
 0.01151688 0.0212104  0.03848989 0.06010928 0.08885505 0.11966178
 0.15178853 0.16920305 0.19555848]","[2.1122141  2.06654306 1.93734999 1.74739948 1.52683074 1.3114752
 1.11308944 0.95795623 0.80452734 0.68739986 0.58192392 0.49890923
 0.43016042 0.39782149 0.3535722 ]","[array([2.34449804e-06, 2.34602258e-06, 2.34454916e-06, ...,
       2.34493768e-06, 2.34499442e-06, 2.34579006e-06]), array([2.45298757e-06, 2.45597467e-06, 2.45296049e-06, ...,
       2.45385709e-06, 2.45372052e-06, 2.45451150e-06]), array([2.78959971e-06, 2.79443967e-06, 2.78949064e-06, ...,
       2.79093822e-06, 2.79097388e-06, 2.79213111e-06]), array([3.36920854e-06, 3.37712324e-06, 3.36908850e-06, ...,
       3.37159381e-06, 3.37248453e-06, 3.37303012e-06]), array([4.19023021e-06, 4.20279736e-06, 4.19007589e-06, ...,
       4.19366907e-06, 4.19504131e-06, 4.19643205e-06]), array([5.16969085e-06, 5.18812580e-06, 5.16943931e-06, ...,
       5.17406878e-06, 5.17612582e-06, 5.17800144e-06]), array([6.23945089e-06, 6.27331453e-06, 6.23916595e-06, ...,
       6.24545251e-06, 6.24834985e-06, 6.25133698e-06]), array([7.15614507e-06, 7.19628894e-06, 7.15564939e-06, ...,
       7.16336886e-06, 7.16742015e-06, 7.17106998e-06]), array([8.12259794e-06, 8.16857121e-06, 8.12202011e-06, ...,
       8.13087701e-06, 8.13551193e-06, 8.13969864e-06]), array([8.77969907e-06, 8.82965539e-06, 8.77907507e-06, ...,
       8.78864870e-06, 8.79367785e-06, 8.79821075e-06]), array([9.27877856e-06, 9.33172756e-06, 9.27810271e-06, ...,
       9.28823949e-06, 9.29355004e-06, 9.29835826e-06]), array([9.49047478e-06, 9.54469479e-06, 9.48978536e-06, ...,
       9.50015584e-06, 9.50560310e-06, 9.51050661e-06]), array([9.50083567e-06, 9.56016756e-06, 9.50012614e-06, ...,
       9.51052891e-06, 9.51604572e-06, 9.52165803e-06]), array([9.12965195e-06, 9.18721781e-06, 9.12899249e-06, ...,
       9.13905539e-06, 9.14436324e-06, 9.14975627e-06]), array([1.26356236e-05, 1.27152959e-05, 1.26347109e-05, ...,
       1.26486381e-05, 1.26559843e-05, 1.26634484e-05]), array([1.26356236e-05, 1.27152959e-05, 1.26347109e-05, ...,
       1.26486381e-05, 1.26559843e-05, 1.26634484e-05])]",0.25,[],100,10000,0.1,8,0.7,21,1177.2834493470373,0.09125520884792165,5886.052225899794,15
1,20,exponential,"[2.12883872e-04 4.32580773e-04 2.51610673e-03 1.29032245e-02
 4.47542796e-02 1.04324420e-01 1.74540840e-01 1.58314334e-01
 2.26774396e-01 2.86736782e-01 2.84746603e-01 3.77597928e-01
 2.48929677e-01 3.54192078e-01 2.60438733e-01 4.92562415e-01
 4.09063005e-01 3.17315867e-01 3.40701789e-01 4.04062140e-01]","[4.22727542 3.87265441 2.99126162 2.16864542 1.53039077 1.0750364
 0.77689052 0.83541206 0.61330759 0.45564293 0.46051861 0.24987818
 0.55216443 0.30033138 0.52184474 0.01487627 0.18392011 0.38306729
 0.33008419 0.19428386]","[array([2.82857089e-07, 2.83123590e-07, 2.82825896e-07, ...,
       2.82957914e-07, 2.82970230e-07, 2.82916729e-07]), array([4.02836710e-07, 4.03535883e-07, 4.02768255e-07, ...,
       4.03055907e-07, 4.03056936e-07, 4.03028298e-07]), array([9.68549801e-07, 9.71163804e-07, 9.68410656e-07, ...,
       9.69240293e-07, 9.69359467e-07, 9.69483806e-07]), array([2.16140715e-06, 2.17040852e-06, 2.16109088e-06, ...,
       2.16294948e-06, 2.16372268e-06, 2.16365058e-06]), array([3.88534485e-06, 3.90578730e-06, 3.88476969e-06, ...,
       3.88813188e-06, 3.88960010e-06, 3.88946747e-06]), array([5.49819005e-06, 5.52796573e-06, 5.49737712e-06, ...,
       5.50213499e-06, 5.50421811e-06, 5.50410567e-06]), array([6.38729666e-06, 6.42540806e-06, 6.38635669e-06, ...,
       6.39189516e-06, 6.39461363e-06, 6.39431256e-06]), array([5.13095165e-06, 5.16247781e-06, 5.13018999e-06, ...,
       5.13464171e-06, 5.13686262e-06, 5.13660851e-06]), array([5.53530673e-06, 5.57039561e-06, 5.53448578e-06, ...,
       5.53928960e-06, 5.54168536e-06, 5.54144042e-06]), array([5.57859904e-06, 5.61822627e-06, 5.57777210e-06, ...,
       5.58261297e-06, 5.58502887e-06, 5.58478148e-06]), array([4.83753785e-06, 4.87370361e-06, 4.83682383e-06, ...,
       4.84102077e-06, 4.84314799e-06, 4.84291116e-06]), array([5.20910239e-06, 5.25067983e-06, 5.20833312e-06, ...,
       5.21285256e-06, 5.21514497e-06, 5.21489743e-06]), array([3.49566348e-06, 3.52467522e-06, 3.49514924e-06, ...,
       3.49819051e-06, 3.49973297e-06, 3.49956370e-06]), array([3.90296586e-06, 3.93722775e-06, 3.90239830e-06, ...,
       3.90579324e-06, 3.90761246e-06, 3.90732756e-06]), array([2.80644042e-06, 2.83123094e-06, 2.80602966e-06, ...,
       2.80844515e-06, 2.80979180e-06, 2.80958354e-06]), array([4.05514220e-06, 4.09140918e-06, 4.05454841e-06, ...,
       4.05803878e-06, 4.05998514e-06, 4.05974819e-06]), array([3.39953353e-06, 3.43242424e-06, 3.39903578e-06, ...,
       3.40196239e-06, 3.40360098e-06, 3.40340655e-06]), array([2.58202414e-06, 2.60765054e-06, 2.58164647e-06, ...,
       2.58387769e-06, 2.58512661e-06, 2.58499228e-06]), array([2.40686343e-06, 2.43621095e-06, 2.40651206e-06, ...,
       2.40859182e-06, 2.40975816e-06, 2.40963529e-06]), array([2.98814032e-06, 3.02457550e-06, 2.98770409e-06, ...,
       2.99028612e-06, 2.99173415e-06, 2.99158161e-06]), array([2.98814032e-06, 3.02457550e-06, 2.98770409e-06, ...,
       2.99028612e-06, 2.99173415e-06, 2.99158161e-06])]",0.5,[],300,25000,0.1,8,0.3,21,1204.0743398850914,0.09333186108713211,6019.998371981108,20
2,15,exponential,"[0.0002059  0.00022602 0.00024482 0.00028942 0.00033312 0.00041812
 0.00056151 0.00075786 0.00102909 0.00144955 0.00206196 0.00287273
 0.0040701  0.00553811 0.00605484]","[0.84879334 0.83946553 0.83147306 0.81473297 0.80066625 0.77793277
 0.74843108 0.71842547 0.6878046  0.65350512 0.61820334 0.58496167
 0.55000097 0.51905487 0.51008239]","[array([8.29348175e-06, 8.29492870e-06, 8.29352655e-06, ...,
       8.29398525e-06, 8.29426608e-06, 8.29459106e-06]), array([8.36985688e-06, 8.37350355e-06, 8.36989042e-06, ...,
       8.37094418e-06, 8.37116650e-06, 8.37252698e-06]), array([8.43550427e-06, 8.44057197e-06, 8.43572241e-06, ...,
       8.43748350e-06, 8.43739303e-06, 8.43938387e-06]), array([8.57618255e-06, 8.58321547e-06, 8.57644503e-06, ...,
       8.57864559e-06, 8.57896775e-06, 8.58109954e-06]), array([8.69556611e-06, 8.70447082e-06, 8.69583538e-06, ...,
       8.69885752e-06, 8.69888854e-06, 8.70123139e-06]), array([8.89300286e-06, 8.90373267e-06, 8.89325386e-06, ...,
       8.89689661e-06, 8.89697985e-06, 8.89921639e-06]), array([9.15597875e-06, 9.17073765e-06, 9.15639262e-06, ...,
       9.16071512e-06, 9.16096037e-06, 9.16312682e-06]), array([9.43045054e-06, 9.44863705e-06, 9.43109378e-06, ...,
       9.43582799e-06, 9.43644749e-06, 9.43918309e-06]), array([9.71758235e-06, 9.73929425e-06, 9.71836795e-06, ...,
       9.72398876e-06, 9.72462918e-06, 9.72812687e-06]), array([1.00483448e-05, 1.00730425e-05, 1.00492007e-05, ...,
       1.00552326e-05, 1.00567421e-05, 1.00594641e-05]), array([1.03979359e-05, 1.04256017e-05, 1.03986890e-05, ...,
       1.04054731e-05, 1.04068374e-05, 1.04108142e-05]), array([1.07332676e-05, 1.07628354e-05, 1.07340771e-05, ...,
       1.07418696e-05, 1.07433277e-05, 1.07470474e-05]), array([1.10932080e-05, 1.11263951e-05, 1.10940994e-05, ...,
       1.11027229e-05, 1.11038618e-05, 1.11083628e-05]), array([1.14121459e-05, 1.14481173e-05, 1.14128726e-05, ...,
       1.14224848e-05, 1.14235272e-05, 1.14285199e-05]), array([1.91131796e-05, 1.91734250e-05, 1.91143968e-05, ...,
       1.91304954e-05, 1.91322412e-05, 1.91406030e-05]), array([1.91131796e-05, 1.91734250e-05, 1.91143968e-05, ...,
       1.91304954e-05, 1.91322412e-05, 1.91406030e-05])]",0.1,[],200,25000,0.1,8,0.7,21,1172.0054160266561,0.09084609069271034,5859.66369577051,15
3,20,exponential,"[0.00020555 0.00023417 0.0002544  0.00028805 0.00034472 0.00042758
 0.00055975 0.00074582 0.00103578 0.00145027 0.00203535 0.00285131
 0.00397223 0.00547829 0.00746263 0.01000342 0.01320091 0.01711875
 0.02169472 0.02678366]","[0.84896219 0.83592246 0.82763532 0.81520754 0.79724435 0.77569439
 0.74874519 0.72002861 0.68715605 0.6534552  0.61950522 0.58571198
 0.55244486 0.52014697 0.48903566 0.45947745 0.43141804 0.40503142
 0.38087528 0.35928142]","[array([8.29215979e-06, 8.29287242e-06, 8.29207309e-06, ...,
       8.29293448e-06, 8.29278128e-06, 8.29234702e-06]), array([8.39987403e-06, 8.40170244e-06, 8.39970696e-06, ...,
       8.40135393e-06, 8.40090032e-06, 8.40074628e-06]), array([8.46832646e-06, 8.47111711e-06, 8.46818674e-06, ...,
       8.47035831e-06, 8.47012900e-06, 8.46968843e-06]), array([8.57261896e-06, 8.57688083e-06, 8.57238752e-06, ...,
       8.57500875e-06, 8.57502252e-06, 8.57490183e-06]), array([8.72618834e-06, 8.73182056e-06, 8.72581485e-06, ...,
       8.72895854e-06, 8.72915668e-06, 8.72902694e-06]), array([8.91393199e-06, 8.92094210e-06, 8.91347217e-06, ...,
       8.91719119e-06, 8.91783199e-06, 8.91737245e-06]), array([9.15430603e-06, 9.16324588e-06, 9.15375260e-06, ...,
       9.15815585e-06, 9.15848729e-06, 9.15844580e-06]), array([9.41675868e-06, 9.42706901e-06, 9.41611242e-06, ...,
       9.42122867e-06, 9.42186811e-06, 9.42165868e-06]), array([9.72558481e-06, 9.73772928e-06, 9.72500591e-06, ...,
       9.73127456e-06, 9.73142482e-06, 9.73170047e-06]), array([1.00506613e-05, 1.00652367e-05, 1.00501053e-05, ...,
       1.00567669e-05, 1.00574225e-05, 1.00581300e-05]), array([1.03862796e-05, 1.04033383e-05, 1.03856947e-05, ...,
       1.03928075e-05, 1.03938742e-05, 1.03948697e-05]), array([1.07273735e-05, 1.07467917e-05, 1.07267867e-05, ...,
       1.07341682e-05, 1.07356955e-05, 1.07369497e-05]), array([1.10686215e-05, 1.10921169e-05, 1.10680976e-05, ...,
       1.10761293e-05, 1.10783737e-05, 1.10792962e-05]), array([1.14026923e-05, 1.14281173e-05, 1.14021551e-05, ...,
       1.14110799e-05, 1.14129197e-05, 1.14147801e-05]), array([1.17244210e-05, 1.17515058e-05, 1.17236569e-05, ...,
       1.17334133e-05, 1.17357017e-05, 1.17377143e-05]), array([1.20254115e-05, 1.20558490e-05, 1.20247145e-05, ...,
       1.20350858e-05, 1.20376282e-05, 1.20416732e-05]), array([1.23028695e-05, 1.23378020e-05, 1.23020995e-05, ...,
       1.23127783e-05, 1.23155852e-05, 1.23199834e-05]), array([1.25504045e-05, 1.25908285e-05, 1.25496060e-05, ...,
       1.25605184e-05, 1.25635764e-05, 1.25683019e-05]), array([1.27571853e-05, 1.28044346e-05, 1.27565341e-05, ...,
       1.27680576e-05, 1.27711103e-05, 1.27760620e-05]), array([1.84988342e-05, 1.85673490e-05, 1.84978899e-05, ...,
       1.85145998e-05, 1.85190264e-05, 1.85262067e-05]), array([1.84988342e-05, 1.85673490e-05, 1.84978899e-05, ...,
       1.85145998e-05, 1.85190264e-05, 1.85262067e-05])]",0.1,[],200,25000,0.1,10,0.3,21,1193.3670192535917,0.09250190057000168,5966.465088665678,20
4,15,exponential,"[0.00020335 0.00022339 0.00024219 0.00028406 0.00034217 0.00043171
 0.00055194 0.00074786 0.00104858 0.00145256 0.00205529 0.00288022
 0.00408127 0.00560832 0.00759429]","[0.85003618 0.84063462 0.83255278 0.81660578 0.79798567 0.77473194
 0.75015193 0.71975503 0.68592686 0.65329735 0.61852802 0.58470031
 0.54972567 0.51778794 0.48727355]","[array([8.28317346e-06, 8.28467554e-06, 8.28311344e-06, ...,
       8.28358308e-06, 8.28341201e-06, 8.28410111e-06]), array([8.36017377e-06, 8.36349055e-06, 8.35998825e-06, ...,
       8.36092058e-06, 8.36074108e-06, 8.36184732e-06]), array([8.42654950e-06, 8.43117461e-06, 8.42645303e-06, ...,
       8.42777842e-06, 8.42769294e-06, 8.42903179e-06]), array([8.56031417e-06, 8.56659161e-06, 8.56024840e-06, ...,
       8.56199855e-06, 8.56218514e-06, 8.56426540e-06]), array([8.71916369e-06, 8.72760873e-06, 8.71913394e-06, ...,
       8.72135929e-06, 8.72206820e-06, 8.72444317e-06]), array([8.92182258e-06, 8.93249621e-06, 8.92176447e-06, ...,
       8.92455840e-06, 8.92515501e-06, 8.92850356e-06]), array([9.14048020e-06, 9.15420332e-06, 9.14043202e-06, ...,
       9.14381651e-06, 9.14456013e-06, 9.14841487e-06]), array([9.41819036e-06, 9.43428423e-06, 9.41818317e-06, ...,
       9.42229423e-06, 9.42293519e-06, 9.42783277e-06]), array([9.73625269e-06, 9.75509854e-06, 9.73622393e-06, ...,
       9.74077584e-06, 9.74178756e-06, 9.74757258e-06]), array([1.00508129e-05, 1.00721132e-05, 1.00507552e-05, ...,
       1.00558539e-05, 1.00572920e-05, 1.00633924e-05]), array([1.03948564e-05, 1.04195542e-05, 1.03947575e-05, ...,
       1.04002934e-05, 1.04019559e-05, 1.04081171e-05]), array([1.07364472e-05, 1.07640006e-05, 1.07363371e-05, ...,
       1.07421846e-05, 1.07447126e-05, 1.07510380e-05]), array([1.10966190e-05, 1.11301136e-05, 1.10965592e-05, ...,
       1.11042446e-05, 1.11057189e-05, 1.11120843e-05]), array([1.14268894e-05, 1.14639852e-05, 1.14267048e-05, ...,
       1.14350759e-05, 1.14370594e-05, 1.14440278e-05]), array([1.91130653e-05, 1.91751132e-05, 1.91127565e-05, ...,
       1.91267583e-05, 1.91300759e-05, 1.91417316e-05]), array([1.91130653e-05, 1.91751132e-05, 1.91127565e-05, ...,
       1.91267583e-05, 1.91300759e-05, 1.91417316e-05])]",0.1,[],100,10000,0.1,10,0.5,21,1171.8350763324092,0.09083288708878454,5858.812050113691,15
5,10,exponential,"[0.00020717 0.00023157 0.00025684 0.00028604 0.00034931 0.00043683
 0.00056034 0.00074848 0.00104198 0.001449  ]","[0.84817509 0.83704155 0.82667867 0.81590984 0.79591935 0.77355237
 0.74864051 0.71967146 0.68655946 0.653543  ]","[array([8.29849135e-06, 8.30086492e-06, 8.29898142e-06, ...,
       8.29935398e-06, 8.29933208e-06, 8.29891625e-06]), array([8.39063998e-06, 8.39421017e-06, 8.39057355e-06, ...,
       8.39195606e-06, 8.39144161e-06, 8.39101400e-06]), array([8.47654749e-06, 8.48212450e-06, 8.47640229e-06, ...,
       8.47909340e-06, 8.47833184e-06, 8.47743452e-06]), array([8.56656576e-06, 8.57445978e-06, 8.56636136e-06, ...,
       8.57000582e-06, 8.56925533e-06, 8.56786479e-06]), array([8.73748635e-06, 8.74744475e-06, 8.73726111e-06, ...,
       8.74181828e-06, 8.74114904e-06, 8.73996591e-06]), array([8.93251657e-06, 8.94590498e-06, 8.93238774e-06, ...,
       8.93817688e-06, 8.93737096e-06, 8.93665887e-06]), array([9.15443198e-06, 9.17056127e-06, 9.15463063e-06, ...,
       9.16082571e-06, 9.16045905e-06, 9.15968510e-06]), array([9.41905184e-06, 9.43927203e-06, 9.41928666e-06, ...,
       9.42613631e-06, 9.42676089e-06, 9.42575710e-06]), array([9.73022358e-06, 9.75362383e-06, 9.73058289e-06, ...,
       9.73936405e-06, 9.73879233e-06, 9.73807456e-06]), array([1.93163070e-05, 1.93627608e-05, 1.93170203e-05, ...,
       1.93344525e-05, 1.93333175e-05, 1.93318926e-05]), array([1.93163070e-05, 1.93627608e-05, 1.93170203e-05, ...,
       1.93344525e-05, 1.93333175e-05, 1.93318926e-05])]",0.1,[],100,10000,0.1,12,0.7,21,1179.1782654477481,0.0914020824314199,5895.525718909014,10
6,15,exponential,"[2.09006350e-04 4.30465083e-04 2.57496313e-03 1.45542237e-02
 4.73341372e-02 8.43873171e-02 1.63391344e-01 6.84851967e-02
 2.31951469e-01 3.17731525e-01 1.16983759e-01 2.42982629e-01
 2.58785318e-01 2.10471653e-01 1.89491569e-01]","[4.23646845 3.87510689 2.97967089 2.10760643 1.50101624 1.19208816
 0.8166041  1.30509723 0.59866238 0.38210824 1.01065424 0.56819812
 0.52614574 0.66104238 0.72665861]","[array([2.80231237e-07, 2.80412773e-07, 2.80229365e-07, ...,
       2.80420550e-07, 2.80334307e-07, 2.80404712e-07]), array([4.01774477e-07, 4.02312936e-07, 4.01753564e-07, ...,
       4.02163233e-07, 4.01940961e-07, 4.02179301e-07]), array([9.79588532e-07, 9.81966028e-07, 9.79554584e-07, ...,
       9.80879494e-07, 9.80448747e-07, 9.80794669e-07]), array([2.29635923e-06, 2.30534905e-06, 2.29629208e-06, ...,
       2.30095384e-06, 2.29865932e-06, 2.29963460e-06]), array([3.96407083e-06, 3.98125086e-06, 3.96396713e-06, ...,
       3.97239012e-06, 3.96808059e-06, 3.97309334e-06]), array([4.84774777e-06, 4.86890662e-06, 4.84761673e-06, ...,
       4.85794432e-06, 4.85276372e-06, 4.85888823e-06]), array([6.21270797e-06, 6.24143352e-06, 6.21239708e-06, ...,
       6.22591561e-06, 6.21927728e-06, 6.22717645e-06]), array([3.25215582e-06, 3.26724794e-06, 3.25198325e-06, ...,
       3.25906891e-06, 3.25564120e-06, 3.25973273e-06]), array([5.98419077e-06, 6.02275220e-06, 5.98387099e-06, ...,
       5.99691023e-06, 5.99060209e-06, 5.99971136e-06]), array([6.38708992e-06, 6.43384315e-06, 6.38674862e-06, ...,
       6.40066575e-06, 6.39393366e-06, 6.41449381e-06]), array([2.99630817e-06, 3.01842310e-06, 2.99614806e-06, ...,
       3.00267686e-06, 2.99951905e-06, 3.00916522e-06]), array([4.12263942e-06, 4.15320518e-06, 4.12244197e-06, ...,
       4.13141770e-06, 4.12707271e-06, 4.14816239e-06]), array([3.72429070e-06, 3.75267847e-06, 3.72411419e-06, ...,
       3.73222271e-06, 3.72829572e-06, 3.75459340e-06]), array([2.82766193e-06, 2.84928317e-06, 2.82752720e-06, ...,
       2.83368527e-06, 2.83071362e-06, 2.85067262e-06]), array([4.74747096e-06, 4.78377169e-06, 4.74724475e-06, ...,
       4.75758376e-06, 4.75259456e-06, 4.78610449e-06]), array([4.74747096e-06, 4.78377169e-06, 4.74724475e-06, ...,
       4.75758376e-06, 4.75259456e-06, 4.78610449e-06])]",0.5,[],300,25000,0.1,8,0.7,21,1193.1302122138095,0.09248354485805825,5965.281126889615,15
7,10,exponential,"[2.01152589e-04 4.55383390e-04 2.51354510e-03 1.45564163e-02
 4.35043256e-02 9.61141831e-02 1.71598655e-01 1.24283182e-01
 2.68637088e-01 3.32842400e-01]","[4.25562281 3.8469577  2.99177221 2.10753    1.54520795 1.12058308
 0.7871697  0.97624004 0.50077422 0.3476786 ]","[array([2.74953624e-07, 2.75094690e-07, 2.74927189e-07, ...,
       2.75044552e-07, 2.75008311e-07, 2.75022110e-07]), array([4.13334413e-07, 4.13913261e-07, 4.13289361e-07, ...,
       4.13576200e-07, 4.13617280e-07, 4.13751360e-07]), array([9.67985221e-07, 9.69993164e-07, 9.67868595e-07, ...,
       9.68650494e-07, 9.68854927e-07, 9.69242178e-07]), array([2.29747506e-06, 2.30484240e-06, 2.29719846e-06, ...,
       2.29905781e-06, 2.29973001e-06, 2.30071019e-06]), array([3.79443830e-06, 3.81716452e-06, 3.79398099e-06, ...,
       3.79705220e-06, 3.79823275e-06, 3.79998251e-06]), array([5.25172394e-06, 5.28435960e-06, 5.25136364e-06, ...,
       5.25591204e-06, 5.25885830e-06, 5.26148953e-06]), array([6.36831798e-06, 6.41146282e-06, 6.36787514e-06, ...,
       6.37340175e-06, 6.37705911e-06, 6.38114392e-06]), array([4.48953608e-06, 4.52359101e-06, 4.48917859e-06, ...,
       4.49326924e-06, 4.49577055e-06, 4.49873002e-06]), array([6.32102796e-06, 6.37129120e-06, 6.32052267e-06, ...,
       6.32628805e-06, 6.32982705e-06, 6.33398889e-06]), array([9.01987264e-06, 9.09159642e-06, 9.01915162e-06, ...,
       9.02737860e-06, 9.03242862e-06, 9.03836742e-06]), array([9.01987264e-06, 9.09159642e-06, 9.01915162e-06, ...,
       9.02737860e-06, 9.03242862e-06, 9.03836742e-06])]",0.5,[],100,25000,0.1,10,0.5,21,1184.3926558503194,0.0918062674095279,5921.596054181959,10
8,10,exponential,"[0.00021188 0.00027152 0.00043473 0.00091608 0.00219551 0.0052678
 0.01154042 0.01945251 0.03649368 0.05913343]","[2.114817   2.0528008  1.93509003 1.74862349 1.52978585 1.31021525
 1.11257311 0.9800338  0.81835997 0.69175123]","[array([2.33847946e-06, 2.33952094e-06, 2.33846000e-06, ...,
       2.33876855e-06, 2.33913526e-06, 2.33908607e-06]), array([2.48699708e-06, 2.48975783e-06, 2.48700030e-06, ...,
       2.48773222e-06, 2.48841815e-06, 2.48875860e-06]), array([2.79583450e-06, 2.80043610e-06, 2.79585244e-06, ...,
       2.79719725e-06, 2.79806722e-06, 2.79872643e-06]), array([3.36499195e-06, 3.37291984e-06, 3.36503835e-06, ...,
       3.36687341e-06, 3.36867881e-06, 3.36993650e-06]), array([4.17780932e-06, 4.18902236e-06, 4.17787551e-06, ...,
       4.18063839e-06, 4.18298922e-06, 4.18436642e-06]), array([5.17641750e-06, 5.19266768e-06, 5.17641298e-06, ...,
       5.18024220e-06, 5.18303301e-06, 5.18510092e-06]), array([6.24292764e-06, 6.26734841e-06, 6.24286039e-06, ...,
       6.24768549e-06, 6.25168625e-06, 6.25478306e-06]), array([6.99991144e-06, 7.03371537e-06, 6.99982903e-06, ...,
       7.00530943e-06, 7.01001311e-06, 7.01336493e-06]), array([8.02768479e-06, 8.07057910e-06, 8.02759265e-06, ...,
       8.03390015e-06, 8.03945801e-06, 8.04324578e-06]), array([1.75164365e-05, 1.76100320e-05, 1.75162354e-05, ...,
       1.75299984e-05, 1.75421257e-05, 1.75503906e-05]), array([1.75164365e-05, 1.76100320e-05, 1.75162354e-05, ...,
       1.75299984e-05, 1.75421257e-05, 1.75503906e-05])]",0.25,[],200,25000,0.1,8,0.5,21,1176.15576787109,0.09116779845524299,5880.414168161628,10
9,20,exponential,"[2.03899519e-04 4.41211713e-04 2.54391167e-03 1.45123656e-02
 5.02965551e-02 1.12119596e-01 1.16951910e-01 1.31323587e-01
 2.14249706e-01 1.63951160e-01 3.42488978e-01 2.99718474e-01
 3.17876199e-01 2.01891116e-01 2.74733089e-01 4.16656639e-01
 4.15821673e-01 7.70294977e-02 7.44194652e-02 2.99688830e-01]","[4.24883966 3.86277221 2.9857526  2.10906775 1.46910659 1.03463547
 1.01080842 0.94465314 0.64974843 0.81455923 0.32611103 0.42431941
 0.38177459 0.68725826 0.48536985 0.16825675 0.1699749  1.24170442
 1.2603518  0.42439003]","[array([2.76799162e-07, 2.77041687e-07, 2.76790975e-07, ...,
       2.76866343e-07, 2.76886729e-07, 2.76953353e-07]), array([4.06773148e-07, 4.07626370e-07, 4.06784744e-07, ...,
       4.07069913e-07, 4.07058604e-07, 4.07206061e-07]), array([9.73635445e-07, 9.76279459e-07, 9.73685324e-07, ...,
       9.74695949e-07, 9.74479085e-07, 9.75300539e-07]), array([2.29314490e-06, 2.30083031e-06, 2.29324031e-06, ...,
       2.29616975e-06, 2.29518301e-06, 2.29829681e-06]), array([4.09326918e-06, 4.11168970e-06, 4.09335375e-06, ...,
       4.09901811e-06, 4.09739084e-06, 4.10269283e-06]), array([5.63972982e-06, 5.66970819e-06, 5.63982968e-06, ...,
       5.64787910e-06, 5.64539505e-06, 5.65745515e-06]), array([4.96584464e-06, 4.99439224e-06, 4.96597712e-06, ...,
       4.97313102e-06, 4.97118148e-06, 4.98199818e-06]), array([4.63214757e-06, 4.66499245e-06, 4.63226625e-06, ...,
       4.63894135e-06, 4.63790359e-06, 4.64756707e-06]), array([5.42654626e-06, 5.46522892e-06, 5.42668735e-06, ...,
       5.43450575e-06, 5.43330133e-06, 5.44462605e-06]), array([3.95921319e-06, 3.98794012e-06, 3.95931523e-06, ...,
       3.96502275e-06, 3.96415348e-06, 3.97241319e-06]), array([5.60274967e-06, 5.64654156e-06, 5.60290230e-06, ...,
       5.61098495e-06, 5.60988737e-06, 5.62146003e-06]), array([4.52332631e-06, 4.56441869e-06, 4.52335428e-06, ...,
       4.52999939e-06, 4.52903030e-06, 4.53883817e-06]), array([4.13803291e-06, 4.17596342e-06, 4.13805801e-06, ...,
       4.14413732e-06, 4.14325755e-06, 4.15222758e-06]), array([2.69153165e-06, 2.71641035e-06, 2.69154810e-06, ...,
       2.69550226e-06, 2.69493238e-06, 2.70076451e-06]), array([2.85668830e-06, 2.88341186e-06, 2.85670707e-06, ...,
       2.86090314e-06, 2.86030316e-06, 2.86691509e-06]), array([3.42361951e-06, 3.45599158e-06, 3.42364219e-06, ...,
       3.42867094e-06, 3.42795177e-06, 3.43587651e-06]), array([3.18432625e-06, 3.21445231e-06, 3.18434746e-06, ...,
       3.18902474e-06, 3.18835643e-06, 3.19573161e-06]), array([1.01537745e-06, 1.02499208e-06, 1.01538421e-06, ...,
       1.01687530e-06, 1.01666356e-06, 1.01902773e-06]), array([9.04817788e-07, 9.13402821e-07, 9.04823682e-07, ...,
       9.06153726e-07, 9.05967679e-07, 9.08152024e-07]), array([2.90280192e-06, 2.93034409e-06, 2.90282083e-06, ...,
       2.90708782e-06, 2.90649096e-06, 2.91349869e-06]), array([2.90280192e-06, 2.93034409e-06, 2.90282083e-06, ...,
       2.90708782e-06, 2.90649096e-06, 2.91349869e-06])]",0.5,[],300,10000,0.1,10,0.3,21,1204.221614188359,0.09334327681484837,6020.734697834535,20
10,10,exponential,"[0.00020672 0.0002179  0.00025312 0.00028551 0.00034128 0.00043558
 0.00056105 0.0007487  0.00103734 0.00145604]","[0.8483953  0.84312652 0.82813983 0.816094   0.79824696 0.77384054
 0.74851309 0.71964264 0.68700571 0.65305789]","[array([8.29681514e-06, 8.29829645e-06, 8.29672374e-06, ...,
       8.29741385e-06, 8.29778265e-06, 8.29727312e-06]), array([8.33933603e-06, 8.34205208e-06, 8.33924185e-06, ...,
       8.34035856e-06, 8.34087438e-06, 8.34033488e-06]), array([8.46384681e-06, 8.46836060e-06, 8.46377591e-06, ...,
       8.46549342e-06, 8.46627349e-06, 8.46581760e-06]), array([8.56468920e-06, 8.57128549e-06, 8.56459073e-06, ...,
       8.56703564e-06, 8.56751769e-06, 8.56751242e-06]), array([8.71693909e-06, 8.72596767e-06, 8.71680830e-06, ...,
       8.72007841e-06, 8.72063941e-06, 8.72104731e-06]), array([8.92980075e-06, 8.94101575e-06, 8.92965282e-06, ...,
       8.93356307e-06, 8.93445396e-06, 8.93508213e-06]), array([9.15564584e-06, 9.16936137e-06, 9.15539216e-06, ...,
       9.15982844e-06, 9.16107031e-06, 9.16222791e-06]), array([9.41943471e-06, 9.43567112e-06, 9.41918962e-06, ...,
       9.42428301e-06, 9.42610224e-06, 9.42718434e-06]), array([9.72592361e-06, 9.74477636e-06, 9.72569478e-06, ...,
       9.73136184e-06, 9.73378915e-06, 9.73525552e-06]), array([1.93164217e-05, 1.93538647e-05, 1.93159672e-05, ...,
       1.93272224e-05, 1.93320433e-05, 1.93349556e-05]), array([1.93164217e-05, 1.93538647e-05, 1.93159672e-05, ...,
       1.93272224e-05, 1.93320433e-05, 1.93349556e-05])]",0.1,[],300,10000,0.1,8,0.3,21,1177.9517755798984,0.09130701306719621,5889.393649847223,10
11,20,exponential,"[2.03757485e-04 2.66673169e-04 4.28021180e-04 9.21874230e-04
 2.21912360e-03 5.31548176e-03 1.15028208e-02 2.23023287e-02
 3.87569788e-02 6.15611243e-02 8.98992719e-02 1.20975421e-01
 1.54119824e-01 1.43371215e-01 2.06951127e-01 2.09010057e-01
 1.77514790e-01 2.09302037e-01 1.95594090e-01 2.81194488e-01]","[2.12459407 2.05730501 1.93897744 1.74704486 1.52710534 1.30795049
 1.11339837 0.94512735 0.80272911 0.68104679 0.57871636 0.49580637
 0.42566183 0.44689187 0.33585055 0.33272572 0.38331914 0.33228442
 0.35351562 0.23463607]","[array([2.31568108e-06, 2.31642771e-06, 2.31567551e-06, ...,
       2.31609102e-06, 2.31610812e-06, 2.31632740e-06]), array([2.47586794e-06, 2.47803007e-06, 2.47581818e-06, ...,
       2.47665110e-06, 2.47706412e-06, 2.47726307e-06]), array([2.78511506e-06, 2.78886843e-06, 2.78508317e-06, ...,
       2.78649180e-06, 2.78694500e-06, 2.78756276e-06]), array([3.37047708e-06, 3.37674353e-06, 3.37047094e-06, ...,
       3.37264256e-06, 3.37348359e-06, 3.37416042e-06]), array([4.18911218e-06, 4.19870425e-06, 4.18912052e-06, ...,
       4.19237334e-06, 4.19338135e-06, 4.19473549e-06]), array([5.18805032e-06, 5.20257285e-06, 5.18799607e-06, ...,
       5.19227630e-06, 5.19403634e-06, 5.19624592e-06]), array([6.23723607e-06, 6.25983970e-06, 6.23715389e-06, ...,
       6.24232961e-06, 6.24482571e-06, 6.24752524e-06]), array([7.24801146e-06, 7.27954928e-06, 7.24790379e-06, ...,
       7.25394233e-06, 7.25717300e-06, 7.26048139e-06]), array([8.12587165e-06, 8.16244913e-06, 8.12536914e-06, ...,
       8.13283241e-06, 8.13711425e-06, 8.14091225e-06]), array([8.82235524e-06, 8.87426507e-06, 8.82172859e-06, ...,
       8.82984985e-06, 8.83501522e-06, 8.83914111e-06]), array([9.28835502e-06, 9.34394567e-06, 9.28778355e-06, ...,
       9.29677479e-06, 9.30215667e-06, 9.30986585e-06]), array([9.49648870e-06, 9.55761677e-06, 9.49582007e-06, ...,
       9.50539590e-06, 9.51092887e-06, 9.52023472e-06]), array([9.51766907e-06, 9.58260504e-06, 9.51700457e-06, ...,
       9.52679999e-06, 9.53231595e-06, 9.54464972e-06]), array([8.66662051e-06, 8.72858767e-06, 8.66606016e-06, ...,
       8.67513634e-06, 8.68010939e-06, 8.69225733e-06]), array([9.03883438e-06, 9.10705115e-06, 9.03822366e-06, ...,
       9.04797980e-06, 9.05413057e-06, 9.06603340e-06]), array([8.41917528e-06, 8.48706837e-06, 8.41860417e-06, ...,
       8.42769246e-06, 8.43350324e-06, 8.44487062e-06]), array([7.43811816e-06, 7.50070769e-06, 7.43761693e-06, ...,
       7.44564496e-06, 7.45084710e-06, 7.46085919e-06]), array([7.29084452e-06, 7.35638847e-06, 7.29034798e-06, ...,
       7.29822015e-06, 7.30332703e-06, 7.31317608e-06]), array([6.64053646e-06, 6.70227533e-06, 6.64008485e-06, ...,
       6.64725413e-06, 6.65192072e-06, 6.66088640e-06]), array([8.80462876e-06, 8.88648778e-06, 8.80402997e-06, ...,
       8.81353565e-06, 8.81972305e-06, 8.83161057e-06]), array([8.80462876e-06, 8.88648778e-06, 8.80402997e-06, ...,
       8.81353565e-06, 8.81972305e-06, 8.83161057e-06])]",0.25,[],300,25000,0.1,12,0.3,21,1174.6737643445151,0.09105292336598056,5873.004610029112,20
12,15,exponential,"[0.00021091 0.00022664 0.00024991 0.00028574 0.00034842 0.00042082
 0.00055869 0.00074898 0.00102258 0.00145496 0.0020362  0.00285558
 0.00400172 0.00555278 0.00751447]","[0.84638556 0.8391926  0.82941412 0.81601307 0.79617469 0.77728888
 0.74893504 0.71960497 0.68844049 0.65313183 0.61946324 0.58556194
 0.55170213 0.5187889  0.4883382 ]","[array([8.31348161e-06, 8.31478302e-06, 8.31348956e-06, ...,
       8.31409395e-06, 8.31418689e-06, 8.31403318e-06]), array([8.37215275e-06, 8.37443320e-06, 8.37223510e-06, ...,
       8.37336222e-06, 8.37381540e-06, 8.37364107e-06]), array([8.45295697e-06, 8.45664135e-06, 8.45308080e-06, ...,
       8.45478069e-06, 8.45537898e-06, 8.45588274e-06]), array([8.56531365e-06, 8.57022559e-06, 8.56543601e-06, ...,
       8.56767644e-06, 8.56845956e-06, 8.56900887e-06]), array([8.73494166e-06, 8.74151776e-06, 8.73501798e-06, ...,
       8.73784474e-06, 8.73933464e-06, 8.73975588e-06]), array([8.89894688e-06, 8.90704868e-06, 8.89902607e-06, ...,
       8.90238156e-06, 8.90368841e-06, 8.90472337e-06]), array([9.15175015e-06, 9.16161467e-06, 9.15176391e-06, ...,
       9.15581673e-06, 9.15702079e-06, 9.15893747e-06]), array([9.41979968e-06, 9.43181320e-06, 9.41981574e-06, ...,
       9.42424175e-06, 9.42636740e-06, 9.42842953e-06]), array([9.71214059e-06, 9.72528921e-06, 9.71208887e-06, ...,
       9.71714918e-06, 9.71960964e-06, 9.72161507e-06]), array([1.00529734e-05, 1.00681349e-05, 1.00529252e-05, ...,
       1.00583998e-05, 1.00614860e-05, 1.00639552e-05]), array([1.03857676e-05, 1.04028691e-05, 1.03857011e-05, ...,
       1.03916471e-05, 1.03950846e-05, 1.03976292e-05]), array([1.07279543e-05, 1.07478129e-05, 1.07279218e-05, ...,
       1.07345854e-05, 1.07381277e-05, 1.07408948e-05]), array([1.10757379e-05, 1.10981676e-05, 1.10756107e-05, ...,
       1.10831483e-05, 1.10864085e-05, 1.10899300e-05]), array([1.14168824e-05, 1.14416560e-05, 1.14167338e-05, ...,
       1.14251355e-05, 1.14284619e-05, 1.14330452e-05]), array([1.91159205e-05, 1.91574003e-05, 1.91156717e-05, ...,
       1.91297391e-05, 1.91353087e-05, 1.91429828e-05]), array([1.91159205e-05, 1.91574003e-05, 1.91156717e-05, ...,
       1.91297391e-05, 1.91353087e-05, 1.91429828e-05])]",0.1,[],300,25000,0.1,10,0.3,21,1180.4311930039771,0.0914992010699928,5901.789968215606,15
13,15,exponential,"[2.08166480e-04 4.41934603e-04 2.54435703e-03 1.44243320e-02
 5.00971501e-02 1.05416409e-01 1.21179122e-01 4.61251636e-02
 2.50488813e-01 1.33330548e-01 2.04490323e-01 2.63918700e-01
 3.11313261e-01 1.29978313e-01 4.62709300e-01]","[4.23848211 3.86195331 2.98566485 2.1121547  1.4711978  1.06922002
 0.99065565 1.51458691 0.54800349 0.93591314 0.67923118 0.51284974
 0.39699342 0.95057526 0.07472015]","[array([2.79706301e-07, 2.79997816e-07, 2.79668655e-07, ...,
       2.79758265e-07, 2.79732266e-07, 2.79831301e-07]), array([4.07144899e-07, 4.08079917e-07, 4.07099828e-07, ...,
       4.07307043e-07, 4.07504828e-07, 4.07503804e-07]), array([9.73857908e-07, 9.77040086e-07, 9.73812978e-07, ...,
       9.74608572e-07, 9.75024682e-07, 9.74940426e-07]), array([2.28650117e-06, 2.29772430e-06, 2.28639056e-06, ...,
       2.28830904e-06, 2.29025441e-06, 2.28973112e-06]), array([4.08612988e-06, 4.10697014e-06, 4.08608048e-06, ...,
       4.08996155e-06, 4.09340704e-06, 4.09408738e-06]), array([5.45092365e-06, 5.47922927e-06, 5.45084384e-06, ...,
       5.45604339e-06, 5.46062839e-06, 5.46574794e-06]), array([5.09703066e-06, 5.13290822e-06, 5.09693419e-06, ...,
       5.10262315e-06, 5.10757699e-06, 5.11342966e-06]), array([2.62774601e-06, 2.64629478e-06, 2.62769437e-06, ...,
       2.63063008e-06, 2.63319717e-06, 2.63620526e-06]), array([6.41573456e-06, 6.46257421e-06, 6.41558509e-06, ...,
       6.42278724e-06, 6.42916323e-06, 6.43744661e-06]), array([3.74620484e-06, 3.77434026e-06, 3.74610837e-06, ...,
       3.75040586e-06, 3.75408995e-06, 3.76001355e-06]), array([4.24168759e-06, 4.27374522e-06, 4.24158113e-06, ...,
       4.24644697e-06, 4.25070214e-06, 4.25732700e-06]), array([4.32838378e-06, 4.36131168e-06, 4.32827982e-06, ...,
       4.33324635e-06, 4.33759447e-06, 4.34435856e-06]), array([4.22199878e-06, 4.25455573e-06, 4.22189643e-06, ...,
       4.22674396e-06, 4.23098998e-06, 4.23758057e-06]), array([2.13731393e-06, 2.15399426e-06, 2.13725801e-06, ...,
       2.13971627e-06, 2.14186797e-06, 2.14520359e-06]), array([4.87078631e-06, 4.90879961e-06, 4.87065888e-06, ...,
       4.87626108e-06, 4.88116465e-06, 4.88876629e-06]), array([4.87078631e-06, 4.90879961e-06, 4.87065888e-06, ...,
       4.87626108e-06, 4.88116465e-06, 4.88876629e-06])]",0.5,[],200,10000,0.1,10,0.5,21,1182.182508947575,0.09163495147256608,5910.5460049319845,15
14,10,exponential,"[0.00020431 0.00044255 0.00253047 0.01454637 0.04637902 0.07628299
 0.08641589 0.12680936 0.13576689 0.0989427 ]","[4.24782986 3.8612562  2.98840862 2.10788037 1.5117095  1.24697791
 1.17910196 0.96473454 0.92545157 1.10451396]","[array([2.77072839e-07, 2.77295583e-07, 2.77073221e-07, ...,
       2.77195804e-07, 2.77106269e-07, 2.77178189e-07]), array([4.07467979e-07, 4.08315882e-07, 4.07397556e-07, ...,
       4.07701607e-07, 4.07633820e-07, 4.07743514e-07]), array([9.71235680e-07, 9.74567510e-07, 9.71116473e-07, ...,
       9.71944497e-07, 9.72094293e-07, 9.72412793e-07]), array([2.29638671e-06, 2.30752688e-06, 2.29606726e-06, ...,
       2.29839307e-06, 2.29863753e-06, 2.29994100e-06]), array([3.92281216e-06, 3.94645576e-06, 3.92233527e-06, ...,
       3.92709665e-06, 3.92724000e-06, 3.93190379e-06]), array([4.59854696e-06, 4.62693061e-06, 4.59812600e-06, ...,
       4.60393088e-06, 4.60403121e-06, 4.61461658e-06]), array([4.36806822e-06, 4.40403348e-06, 4.36770248e-06, ...,
       4.37325476e-06, 4.37336726e-06, 4.38346721e-06]), array([4.81410468e-06, 4.90420923e-06, 4.81367988e-06, ...,
       4.81981293e-06, 4.81997942e-06, 4.83105475e-06]), array([4.36659148e-06, 4.45005633e-06, 4.36622654e-06, ...,
       4.37182403e-06, 4.37194493e-06, 4.38246558e-06]), array([9.61381903e-06, 9.79758159e-06, 9.61301555e-06, ...,
       9.62533941e-06, 9.62560560e-06, 9.64876866e-06]), array([9.61381903e-06, 9.79758159e-06, 9.61301555e-06, ...,
       9.62533941e-06, 9.62560560e-06, 9.64876866e-06])]",0.5,[],300,10000,0.1,12,0.5,21,1166.412601556389,0.09041257278942633,5831.701357490788,10
15,15,exponential,"[1.97032107e-04 4.45107607e-04 2.57978722e-03 1.46491057e-02
 5.05807273e-02 9.78333846e-02 1.26673460e-01 1.97437978e-01
 1.75883269e-01 2.43413691e-01 2.48785283e-01 4.10548057e-01
 2.54538326e-01 2.55267342e-01 3.62945888e-01]","[4.26597341 3.85837464 2.97873262 2.10430926 1.46613994 1.11076667
 0.96534847 0.70119232 0.77224583 0.56702709 0.55255066 0.1808501
 0.53727615 0.53535695 0.28130042]","[array([2.72082747e-07, 2.72345256e-07, 2.72101974e-07, ...,
       2.72175363e-07, 2.72239638e-07, 2.72204709e-07]), array([4.08557373e-07, 4.09343972e-07, 4.08579964e-07, ...,
       4.08863912e-07, 4.08949788e-07, 4.08914917e-07]), array([9.80446155e-07, 9.83037943e-07, 9.80533836e-07, ...,
       9.81595497e-07, 9.81742479e-07, 9.81564196e-07]), array([2.30369572e-06, 2.31271116e-06, 2.30388309e-06, ...,
       2.30686061e-06, 2.30830997e-06, 2.30819572e-06]), array([4.10365022e-06, 4.12002501e-06, 4.10399004e-06, ...,
       4.10930442e-06, 4.11203419e-06, 4.11172302e-06]), array([5.22245470e-06, 5.24774280e-06, 5.22287516e-06, ...,
       5.22974266e-06, 5.23432676e-06, 5.23523473e-06]), array([5.25543565e-06, 5.28254791e-06, 5.25586273e-06, ...,
       5.26277128e-06, 5.26740680e-06, 5.26840643e-06]), array([5.93871790e-06, 5.97576356e-06, 5.93914475e-06, ...,
       5.94698804e-06, 5.95222692e-06, 5.95393002e-06]), array([4.73958607e-06, 4.76937003e-06, 4.73992033e-06, ...,
       4.74619249e-06, 4.75038778e-06, 4.75172588e-06]), array([5.02784546e-06, 5.06169507e-06, 5.02829541e-06, ...,
       5.03520402e-06, 5.03954330e-06, 5.04249973e-06]), array([4.40862556e-06, 4.44189201e-06, 4.40902029e-06, ...,
       4.41507785e-06, 4.41889913e-06, 4.42980087e-06]), array([5.53871257e-06, 5.58275980e-06, 5.53920855e-06, ...,
       5.54681880e-06, 5.55162219e-06, 5.56533159e-06]), array([3.59574125e-06, 3.62500175e-06, 3.59599504e-06, ...,
       3.60123387e-06, 3.60406299e-06, 3.61361167e-06]), array([3.12916836e-06, 3.15642956e-06, 3.12938923e-06, ...,
       3.13394827e-06, 3.13641074e-06, 3.14472009e-06]), array([4.64591597e-06, 4.68639101e-06, 4.64624389e-06, ...,
       4.65301276e-06, 4.65666882e-06, 4.66900581e-06]), array([4.64591597e-06, 4.68639101e-06, 4.64624389e-06, ...,
       4.65301276e-06, 4.65666882e-06, 4.66900581e-06])]",0.5,[],100,10000,0.1,8,0.7,21,1216.169070062657,0.09426936439521409,6080.4682728557045,15
16,10,exponential,"[0.00021521 0.00043448 0.00252157 0.01442447 0.04991818 0.09430373
 0.12987969 0.1526876  0.14582035 0.18742406]","[4.22183717 3.87046062 2.99017463 2.1121499  1.47308147 1.13109161
 0.95101145 0.85683773 0.88388309 0.73341782]","[array([2.84396452e-07, 2.84663906e-07, 2.84368363e-07, ...,
       2.84511136e-07, 2.84509776e-07, 2.84516435e-07]), array([4.03671436e-07, 4.04576386e-07, 4.03660772e-07, ...,
       4.03981000e-07, 4.04033880e-07, 4.03954312e-07]), array([9.69459102e-07, 9.72753258e-07, 9.69417027e-07, ...,
       9.70313570e-07, 9.70729626e-07, 9.70961729e-07]), array([2.28673173e-06, 2.29720592e-06, 2.28660687e-06, ...,
       2.28891771e-06, 2.29114068e-06, 2.29153660e-06]), array([4.07892076e-06, 4.09901311e-06, 4.07869589e-06, ...,
       4.08282107e-06, 4.08693899e-06, 4.08755869e-06]), array([5.12556987e-06, 5.15173891e-06, 5.12527775e-06, ...,
       5.13047671e-06, 5.13563773e-06, 5.13986567e-06]), array([5.35674439e-06, 5.38885462e-06, 5.35642777e-06, ...,
       5.36193412e-06, 5.36728126e-06, 5.37623598e-06]), array([5.09630216e-06, 5.12832916e-06, 5.09601224e-06, ...,
       5.10124991e-06, 5.10634729e-06, 5.11487288e-06]), array([4.29034117e-06, 4.31806513e-06, 4.29009745e-06, ...,
       4.29450797e-06, 4.29881442e-06, 4.30598544e-06]), array([9.03979623e-06, 9.09821091e-06, 9.03928271e-06, ...,
       9.04857572e-06, 9.05764946e-06, 9.07275888e-06]), array([9.03979623e-06, 9.09821091e-06, 9.03928271e-06, ...,
       9.04857572e-06, 9.05764946e-06, 9.07275888e-06])]",0.5,[],200,25000,0.1,8,0.5,21,1199.7112087379446,0.09299366008355513,5998.184069049389,10
17,10,exponential,"[1.99412916e-04 4.42595367e-04 2.54473003e-03 1.46671446e-02
 3.73767566e-02 9.81472934e-02 1.32624383e-01 1.32398885e-01
 2.12368792e-01 3.04632458e-01]","[4.25996675 3.86120595 2.98559137 2.10368479 1.62430654 1.10899093
 0.93897559 0.93995642 0.65535281 0.41266728]","[array([2.73739755e-07, 2.73941940e-07, 2.73731516e-07, ...,
       2.73847351e-07, 2.73893990e-07, 2.73885456e-07]), array([4.07439146e-07, 4.08123223e-07, 4.07426280e-07, ...,
       4.07739995e-07, 4.07903154e-07, 4.07987372e-07]), array([9.73830988e-07, 9.76618662e-07, 9.73854268e-07, ...,
       9.74655168e-07, 9.75493553e-07, 9.75613662e-07]), array([2.30549424e-06, 2.31637661e-06, 2.30554702e-06, ...,
       2.30745926e-06, 2.30990854e-06, 2.31000524e-06]), array([3.50346454e-06, 3.52284008e-06, 3.50361690e-06, ...,
       3.50670889e-06, 3.51032162e-06, 3.51091165e-06]), array([5.38030113e-06, 5.41147737e-06, 5.38055447e-06, ...,
       5.38568247e-06, 5.39085609e-06, 5.39722921e-06]), array([5.51206928e-06, 5.54998488e-06, 5.51233476e-06, ...,
       5.51764708e-06, 5.52336709e-06, 5.53093745e-06]), array([4.75508607e-06, 4.79038700e-06, 4.75518389e-06, ...,
       4.75999336e-06, 4.76474101e-06, 4.77210412e-06]), array([5.50634272e-06, 5.54979980e-06, 5.50636017e-06, ...,
       5.51204627e-06, 5.51745058e-06, 5.52650069e-06]), array([9.11791486e-06, 9.18987514e-06, 9.11794377e-06, ...,
       9.12735933e-06, 9.13630829e-06, 9.15129431e-06]), array([9.11791486e-06, 9.18987514e-06, 9.11794377e-06, ...,
       9.12735933e-06, 9.13630829e-06, 9.15129431e-06])]",0.5,[],300,10000,0.1,12,0.3,21,1173.0396734088692,0.09092625946894577,5864.834662006471,10
18,15,exponential,"[0.00020652 0.00022201 0.00024632 0.00028385 0.0003353  0.0004292
 0.00055767 0.0007579  0.00105805 0.00151338 0.00207104 0.00296508
 0.00408904 0.00552148 0.00758615]","[0.84848899 0.8412569  0.83086318 0.81667686 0.80001485 0.77531588
 0.74911832 0.71842062 0.68502706 0.64918927 0.6177632  0.5817882
 0.54953482 0.51935721 0.48738155]","[array([8.29605670e-06, 8.29746235e-06, 8.29591779e-06, ...,
       8.29654536e-06, 8.29626594e-06, 8.29704382e-06]), array([8.35482029e-06, 8.35877313e-06, 8.35470537e-06, ...,
       8.35667921e-06, 8.35617981e-06, 8.35626585e-06]), array([8.44062840e-06, 8.44681056e-06, 8.44046943e-06, ...,
       8.44311145e-06, 8.44228184e-06, 8.44244780e-06]), array([8.55948298e-06, 8.56913792e-06, 8.55931445e-06, ...,
       8.56272642e-06, 8.56170107e-06, 8.56202373e-06]), array([8.70127619e-06, 8.71217641e-06, 8.70118013e-06, ...,
       8.70540411e-06, 8.70396130e-06, 8.70412653e-06]), array([8.91633139e-06, 8.93066851e-06, 8.91624961e-06, ...,
       8.92085420e-06, 8.91958963e-06, 8.92142684e-06]), array([9.14967449e-06, 9.16789747e-06, 9.14954447e-06, ...,
       9.15514359e-06, 9.15431034e-06, 9.15541769e-06]), array([9.43048384e-06, 9.45216559e-06, 9.43038850e-06, ...,
       9.43657298e-06, 9.43610576e-06, 9.43654433e-06]), array([9.74471116e-06, 9.76988560e-06, 9.74454174e-06, ...,
       9.75149207e-06, 9.75132411e-06, 9.75157368e-06]), array([1.00921278e-05, 1.01201705e-05, 1.00916201e-05, ...,
       1.00997266e-05, 1.00993858e-05, 1.00992649e-05]), array([1.04023007e-05, 1.04362784e-05, 1.04018868e-05, ...,
       1.04108980e-05, 1.04105152e-05, 1.04100025e-05]), array([1.07670911e-05, 1.08085329e-05, 1.07667221e-05, ...,
       1.07763668e-05, 1.07772924e-05, 1.07760178e-05]), array([1.10977960e-05, 1.11448099e-05, 1.10972114e-05, ...,
       1.11077331e-05, 1.11087639e-05, 1.11071976e-05]), array([1.14078264e-05, 1.14576085e-05, 1.14072349e-05, ...,
       1.14187897e-05, 1.14193879e-05, 1.14181625e-05]), array([1.91118861e-05, 1.91952876e-05, 1.91108952e-05, ...,
       1.91302534e-05, 1.91312555e-05, 1.91292025e-05]), array([1.91118861e-05, 1.91952876e-05, 1.91108952e-05, ...,
       1.91302534e-05, 1.91312555e-05, 1.91292025e-05])]",0.1,[],300,10000,0.1,12,0.7,21,1182.0622406800842,0.09162562907372174,5909.944700884126,15
19,20,exponential,"[2.09838997e-04 4.52730084e-04 2.50449018e-03 1.42333802e-02
 4.94040914e-02 8.28520201e-02 1.70962514e-01 1.83370904e-01
 1.84215532e-01 1.72710745e-01 2.30808821e-01 3.39859435e-01
 2.64136038e-01 3.57237715e-01 4.45459305e-01 3.69924668e-01
 4.27024891e-01 4.51682435e-01 3.00215338e-01 4.16162216e-01]","[4.23448007 3.84988081 2.99358123 2.11891486 1.47852791 1.20210635
 0.78941053 0.74683706 0.74402187 0.7832681  0.6018749  0.33196034
 0.5122905  0.29368676 0.10951715 0.26627    0.14699999 0.09693763
 0.42313633 0.16927403]","[array([2.80837966e-07, 2.80920014e-07, 2.80817670e-07, ...,
       2.80903391e-07, 2.80820649e-07, 2.80873242e-07]), array([4.12202931e-07, 4.12529873e-07, 4.12125346e-07, ...,
       4.12325918e-07, 4.12145563e-07, 4.12352336e-07]), array([9.66595501e-07, 9.67879341e-07, 9.66376727e-07, ...,
       9.66979143e-07, 9.66604508e-07, 9.67172516e-07]), array([2.27276596e-06, 2.27775411e-06, 2.27223222e-06, ...,
       2.27376121e-06, 2.27314554e-06, 2.27487986e-06]), array([4.06131937e-06, 4.07734326e-06, 4.06036516e-06, ...,
       4.06309666e-06, 4.06215799e-06, 4.06531461e-06]), array([4.78218928e-06, 4.81914134e-06, 4.78103596e-06, ...,
       4.78431493e-06, 4.78328899e-06, 4.78709349e-06]), array([6.37601555e-06, 6.43040564e-06, 6.37448119e-06, ...,
       6.37885649e-06, 6.37752232e-06, 6.38257722e-06]), array([5.66510552e-06, 5.71839630e-06, 5.66375016e-06, ...,
       5.66763288e-06, 5.66714875e-06, 5.67158547e-06]), array([4.87836241e-06, 4.94814283e-06, 4.87719044e-06, ...,
       4.88053572e-06, 4.88013131e-06, 4.88394758e-06]), array([4.04725394e-06, 4.13967380e-06, 4.04627640e-06, ...,
       4.04905885e-06, 4.04873769e-06, 4.05189175e-06]), array([4.20664846e-06, 4.36625966e-06, 4.20565447e-06, ...,
       4.20854057e-06, 4.20824634e-06, 4.21153194e-06]), array([4.76628950e-06, 4.98168848e-06, 4.76515805e-06, ...,
       4.76842904e-06, 4.76813718e-06, 4.77193403e-06]), array([3.54425652e-06, 3.73065706e-06, 3.54341486e-06, ...,
       3.54584566e-06, 3.54564477e-06, 3.54851858e-06]), array([3.83755617e-06, 4.04677916e-06, 3.83663625e-06, ...,
       3.83927390e-06, 3.83907219e-06, 3.84217444e-06]), array([4.14639518e-06, 4.38048580e-06, 4.14545595e-06, ...,
       4.14828996e-06, 4.14838849e-06, 4.15150489e-06]), array([3.37520176e-06, 3.57094357e-06, 3.37444120e-06, ...,
       3.37674548e-06, 3.37684781e-06, 3.37938702e-06]), array([3.44152671e-06, 3.67224113e-06, 3.44075063e-06, ...,
       3.44309923e-06, 3.44320935e-06, 3.44593810e-06]), array([3.39659745e-06, 3.62652004e-06, 3.39581279e-06, ...,
       3.39813246e-06, 3.39868623e-06, 3.40132381e-06]), array([2.34618087e-06, 2.51477690e-06, 2.34563672e-06, ...,
       2.34723800e-06, 2.34767078e-06, 2.34968072e-06]), array([3.14910359e-06, 3.37539747e-06, 3.14837322e-06, ...,
       3.15052250e-06, 3.15110338e-06, 3.15380117e-06]), array([3.14910359e-06, 3.37539747e-06, 3.14837322e-06, ...,
       3.15052250e-06, 3.15110338e-06, 3.15380117e-06])]",0.5,[],100,25000,0.1,10,0.3,21,1272.8016844388667,0.09865914924725731,6363.613785597344,20
