"Gender.F","Gender.M","Zone.1","Zone.2","Zone.3","Zone.4","Zone.5","Zone.6","Zone.7","Class.1","Class.2","Class.3","Class.4","Class.5","Class.6","Class.7","BonusClass.1","BonusClass.2","BonusClass.3","BonusClass.4","BonusClass.5","BonusClass.6","BonusClass.7","OwnersAge","VehiculeAge","Duration","NumberClaims"
1,0,0,0,0,0,0,1,0,1,0,0,0,0,0,0,1,0,0,0,0,0,0,0.0131578947368421,0.121212121212121,0.0148614235030104,0
0,1,0,0,0,1,0,0,0,1,0,0,0,0,0,0,0,0,0,1,0,0,0,0.0131578947368421,0.0808080808080808,0.0295480209944374,0
0,1,0,0,0,1,0,0,0,1,0,0,0,0,0,0,1,0,0,0,0,0,0,0.0131578947368421,0.101010101010101,0.0982603232382666,0
0,1,0,0,0,1,0,0,0,1,0,0,0,0,0,0,1,0,0,0,0,0,0,0.0131578947368421,0.151515151515152,0.106390418807054,0
0,1,0,0,1,0,0,0,0,0,0,0,0,1,0,0,1,0,0,0,0,0,0,0.0394736842105263,0.121212121212121,0.0179211499269458,0
0,1,0,0,0,1,0,0,0,0,0,1,0,0,0,0,1,0,0,0,0,0,0,0.0394736842105263,0.0808080808080808,0.0941515769280718,0
0,1,0,0,0,0,0,1,0,0,0,1,0,0,0,0,1,0,0,0,0,0,0,0.0394736842105263,0.101010101010101,0.0319958085152616,0
1,0,0,0,0,1,0,0,0,0,1,0,0,0,0,0,0,0,1,0,0,0,0,0.0526315789473684,0.0505050505050505,0.0297228789144003,0
0,1,0,0,1,0,0,0,0,0,1,0,0,0,0,0,1,0,0,0,0,0,0,0.0526315789473684,0.131313131313131,0.0297228789144003,0
0,1,0,0,0,1,0,0,0,0,0,1,0,0,0,0,0,0,0,0,1,0,0,0.0526315789473684,0.0202020202020202,0.00804266660880614,0
0,1,0,0,0,1,0,0,0,0,0,1,0,0,0,0,0,0,1,0,0,0,0,0.0526315789473684,0.141414141414141,0.00979105435815816,0
0,1,0,0,0,1,0,0,0,0,0,1,0,0,0,0,1,0,0,0,0,0,0,0.0526315789473684,0.242424242424242,0.0319958085152616,0
1,0,0,0,0,1,0,0,0,0,0,1,0,0,0,0,0,0,1,0,0,0,0,0.0657894736842105,0.171717171717172,0.0319083795552801,0
0,1,1,0,0,0,0,0,0,0,1,0,0,0,0,0,1,0,0,0,0,0,0,0.0657894736842105,0.111111111111111,0.0305970727890764,0
0,1,0,0,1,0,0,0,0,0,0,0,1,0,0,0,1,0,0,0,0,0,0,0.0657894736842105,0.0404040404040404,0.0121514129190009,0
1,0,1,0,0,0,0,0,0,0,0,1,0,0,0,0,1,0,0,0,0,0,0,0.0789473684210526,0.141414141414141,0.0034968074070836,0
1,0,1,0,0,0,0,0,0,0,0,1,0,0,0,0,1,0,0,0,0,0,0,0.0789473684210526,0.303030303030303,0.0298103078743818,0
1,0,0,0,0,1,0,0,0,0,0,0,0,1,0,0,0,1,0,0,0,0,0,0.0789473684210526,0.141414141414141,0.0250895907526963,0
0,1,1,0,0,0,0,0,0,0,1,0,0,0,0,0,0,0,1,0,0,0,0,0.0789473684210526,0.101010101010101,0.0136375456967881,0
0,1,1,0,0,0,0,0,0,0,0,0,0,1,0,0,1,0,0,0,0,0,0,0.0789473684210526,0.0505050505050505,0.0142494845998992,0
0,1,1,0,0,0,0,0,0,0,0,0,0,1,0,0,0,0,0,1,0,0,0,0.0789473684210526,0.0606060606060606,0.00856717655193583,0
0,1,1,0,0,0,0,0,0,0,0,0,0,0,1,0,0,0,0,0,0,0,1,0.0789473684210526,0.0303030303030303,0.00419617527017623,0
0,1,0,0,1,0,0,0,0,0,0,0,1,0,0,0,1,0,0,0,0,0,0,0.0789473684210526,0.161616161616162,0.031296440652169,0
0,1,0,0,0,1,0,0,0,0,0,1,0,0,0,0,0,0,1,0,0,0,0,0.0789473684210526,0.131313131313131,0.0319083795552801,0
1,0,0,0,0,1,0,0,0,0,0,0,1,0,0,0,1,0,0,0,0,0,0,0.0921052631578947,0.202020202020202,0.0319083795552801,0
0,1,1,0,0,0,0,0,0,0,0,0,0,0,1,0,0,0,1,0,0,0,0,0.0921052631578947,0.0404040404040404,0.00131130676620379,0
0,1,0,0,1,0,0,0,0,0,0,0,0,1,0,0,0,0,1,0,0,0,0,0.0921052631578947,0.0101010101010101,0.0160853332176123,0
0,1,0,0,1,0,0,0,0,0,0,0,0,0,1,0,0,1,0,0,0,0,0,0.0921052631578947,0.0707070707070707,0.0102281672496859,0.5
0,1,0,0,1,0,0,0,0,0,0,0,0,0,0,1,0,0,0,0,0,0,1,0.0921052631578947,0.121212121212121,0.0154733943145011,0
0,1,0,0,0,1,0,0,0,1,0,0,0,0,0,0,0,1,0,0,0,0,0,0.0921052631578947,0.252525252525253,0.0153859653545196,0
0,1,0,0,0,1,0,0,0,0,0,0,1,0,0,0,0,0,0,0,1,0,0,0.0921052631578947,0.0606060606060606,0.0320832055668635,0
0,1,0,0,0,1,0,0,0,0,0,0,0,1,0,0,0,0,1,0,0,0,0,0.0921052631578947,0.0101010101010101,0.017484037035418,0
0,1,0,0,0,0,1,0,0,0,0,0,1,0,0,0,1,0,0,0,0,0,0,0.0921052631578947,0.151515151515152,0.0251770197126778,0
0,1,0,0,0,0,0,1,0,0,0,0,0,1,0,0,0,0,0,0,0,1,0,0.0921052631578947,0.131313131313131,0.00244775561244465,0
0,1,0,0,0,0,0,0,1,0,0,1,0,0,0,0,0,0,0,1,0,0,0,0.0921052631578947,0.282828282828283,0.0260512135873538,0
1,0,0,1,0,0,0,0,0,0,0,1,0,0,0,0,0,1,0,0,0,0,0,0.105263157894737,0.131313131313131,0.0319083795552801,0
1,0,0,0,1,0,0,0,0,0,0,1,0,0,0,0,1,0,0,0,0,0,0,0.105263157894737,0.0505050505050505,0.0166972721207234,0
1,0,0,0,0,1,0,0,0,0,1,0,0,0,0,0,0,0,0,1,0,0,0,0.105263157894737,0.0202020202020202,0.026663152490465,0
1,0,0,0,0,1,0,0,0,0,1,0,0,0,0,0,0,0,1,0,0,0,0,0.105263157894737,0.141414141414141,0.0114520450559083,0
1,0,0,0,0,1,0,0,0,0,0,0,0,0,0,1,1,0,0,0,0,0,0,0.105263157894737,0.101010101010101,0.0158230463376679,0
1,0,0,0,0,0,0,1,0,0,0,1,0,0,0,0,0,0,0,0,1,0,0,0.105263157894737,0.161616161616162,0.00830492158037099,0
0,1,0,1,0,0,0,0,0,0,0,1,0,0,0,0,1,0,0,0,0,0,0,0.105263157894737,0.141414141414141,0.0318209505952987,0
0,1,0,0,1,0,0,0,0,0,0,1,0,0,0,0,0,0,0,1,0,0,0,0.105263157894737,0.141414141414141,0.00183581670933349,0
0,1,0,0,1,0,0,0,0,0,0,0,0,1,0,0,1,0,0,0,0,0,0,0.105263157894737,0.161616161616162,0.116968238079907,0
0,1,0,0,0,1,0,0,0,1,0,0,0,0,0,0,0,1,0,0,0,0,0,0.105263157894737,0.0909090909090909,0.00778041163724129,0
0,1,0,0,0,1,0,0,0,0,0,1,0,0,0,0,1,0,0,0,0,0,0,0.105263157894737,0.0404040404040404,0.029373194982854,0
0,1,0,0,0,1,0,0,0,0,0,1,0,0,0,0,0,1,0,0,0,0,0,0.105263157894737,0.0505050505050505,0.040475556107216,0
0,1,0,0,0,1,0,0,0,0,0,0,1,0,0,0,0,0,0,0,1,0,0,0.105263157894737,0.0909090909090909,0.0158230463376679,0
0,1,0,0,0,1,0,0,0,0,0,0,0,0,1,0,0,0,0,0,1,0,0,0.105263157894737,0.0707070707070707,0.0787656115735522,0
1,0,0,1,0,0,0,0,0,0,0,1,0,0,0,0,1,0,0,0,0,0,0,0.118421052631579,0.121212121212121,0.0181834048985106,0
1,0,0,0,1,0,0,0,0,0,1,0,0,0,0,0,1,0,0,0,0,0,0,0.118421052631579,0.111111111111111,0.0284115721481966,0
1,0,0,0,1,0,0,0,0,0,0,1,0,0,0,0,1,0,0,0,0,0,0,0.118421052631579,0.0909090909090909,0.023865712946474,0
0,1,1,0,0,0,0,0,0,0,0,1,0,0,0,0,0,0,1,0,0,0,0,0.118421052631579,0.0505050505050505,0.00830492158037099,0.5
0,1,1,0,0,0,0,0,0,0,0,0,1,0,0,0,1,0,0,0,0,0,0,0.118421052631579,0.0707070707070707,0.0245650808095666,0
0,1,1,0,0,0,0,0,0,0,0,0,0,1,0,0,0,0,0,0,1,0,0,0.118421052631579,0.171717171717172,0.03024738885753,0
0,1,0,1,0,0,0,0,0,0,0,1,0,0,0,0,0,1,0,0,0,0,0,0.118421052631579,0.151515151515152,0.0334819412930488,0
0,1,0,1,0,0,0,0,0,0,0,0,1,0,0,0,1,0,0,0,0,0,0,0.118421052631579,0.252525252525253,0.0111897900843434,0
0,1,0,1,0,0,0,0,0,0,0,0,0,1,0,0,1,0,0,0,0,0,0,0.118421052631579,0.121212121212121,0.0294606239428355,0
0,1,0,1,0,0,0,0,0,0,0,0,0,0,1,0,1,0,0,0,0,0,0,0.118421052631579,0.0505050505050505,0.0134627196852047,0
0,1,0,1,0,0,0,0,0,0,0,0,0,0,1,0,0,0,0,0,1,0,0,0.118421052631579,0.0707070707070707,0.0029722974639539,0
0,1,0,0,1,0,0,0,0,0,0,1,0,0,0,0,0,1,0,0,0,0,0,0.118421052631579,0.0303030303030303,0.00227292960086127,0
0,1,0,0,1,0,0,0,0,0,0,0,0,1,0,0,0,0,0,0,0,1,0,0.118421052631579,0.111111111111111,0.0108401061527971,0
0,1,0,0,0,1,0,0,0,1,0,0,0,0,0,0,0,1,0,0,0,0,0,0.118421052631579,0.151515151515152,0.00332198139550022,0
0,1,0,0,0,1,0,0,0,0,1,0,0,0,0,0,0,0,0,0,0,0,1,0.118421052631579,0.0101010101010101,0.0313838696121505,0
0,1,0,0,0,1,0,0,0,0,0,0,1,0,0,0,1,0,0,0,0,0,0,0.118421052631579,0.0808080808080808,0.00428360423015769,0
0,1,0,0,0,0,1,0,0,0,0,1,0,0,0,0,1,0,0,0,0,0,0,0.118421052631579,0.151515151515152,0.0319083795552801,0
0,1,0,0,0,0,1,0,0,0,0,0,0,1,0,0,0,1,0,0,0,0,0,0.118421052631579,0.0505050505050505,0.00664393088262088,0
1,0,0,0,1,0,0,0,0,0,0,0,1,0,0,0,0,0,0,0,0,0,1,0.131578947368421,0.0909090909090909,0.0319083795552801,0
1,0,0,0,0,1,0,0,0,0,0,1,0,0,0,0,0,0,1,0,0,0,0,0.131578947368421,0.151515151515152,0.0298103078743818,0
0,1,1,0,0,0,0,0,0,1,0,0,0,0,0,0,0,0,0,1,0,0,0,0.131578947368421,0.0303030303030303,0.00708104377414866,0
0,1,0,1,0,0,0,0,0,0,0,1,0,0,0,0,0,0,0,0,0,1,0,0.131578947368421,0.0505050505050505,0.030422246777493,0
0,1,0,1,0,0,0,0,0,0,0,0,1,0,0,0,0,1,0,0,0,0,0,0.131578947368421,0.0606060606060606,0.015735649286066,0
0,1,0,1,0,0,0,0,0,0,0,0,0,0,1,0,0,0,0,0,1,0,0,0.131578947368421,0.0505050505050505,0.0125010968505472,0
0,1,0,0,0,1,0,0,0,0,0,1,0,0,0,0,0,0,0,0,0,1,0,0.131578947368421,0.0101010101010101,0.0291983370628911,0
0,1,0,0,0,1,0,0,0,0,0,0,1,0,0,0,0,0,0,0,0,1,0,0.131578947368421,0.0303030303030303,0.00498294018487077,0
0,1,0,0,0,1,0,0,0,0,0,0,1,0,0,0,0,0,0,0,0,0,1,0.131578947368421,0.323232323232323,0.00419617527017623,0
0,1,0,0,0,1,0,0,0,0,0,0,0,0,1,0,0,0,0,0,0,0,1,0.131578947368421,0.131313131313131,0.129644192850417,0
0,1,0,0,0,1,0,0,0,0,0,0,0,0,0,1,1,0,0,0,0,0,0,0.131578947368421,0.101010101010101,0.00437100128175961,0
0,1,0,0,0,0,1,0,0,0,0,0,0,0,1,0,0,0,0,0,0,1,0,0.131578947368421,0.0606060606060606,0.00227292960086127,0
0,1,0,0,0,0,1,0,0,0,0,0,0,0,1,0,0,0,1,0,0,0,0,0.131578947368421,0.111111111111111,0.00804266660880614,0
0,1,0,0,0,0,1,0,0,0,0,0,0,0,1,0,0,0,0,0,0,1,0,0.131578947368421,0.111111111111111,0.0319083795552801,0
0,1,0,0,0,0,0,1,0,0,0,1,0,0,0,0,1,0,0,0,0,0,0,0.131578947368421,0.272727272727273,0.0159104752976493,0
1,0,0,0,0,1,0,0,0,1,0,0,0,0,0,0,0,1,0,0,0,0,0,0.144736842105263,0.101010101010101,0.0168720981323068,0
1,0,0,0,0,1,0,0,0,0,0,1,0,0,0,0,0,1,0,0,0,0,0,0.144736842105263,0.151515151515152,0.0314712666637524,0
1,0,0,0,0,0,1,0,0,0,0,1,0,0,0,0,0,0,0,0,0,0,1,0.144736842105263,0,0.0186205177900384,0
0,1,0,1,0,0,0,0,0,0,0,0,0,1,0,0,0,0,0,0,0,0,1,0.144736842105263,0.0606060606060606,0.0319083795552801,0
0,1,0,1,0,0,0,0,0,0,0,0,0,0,1,0,1,0,0,0,0,0,0,0.144736842105263,0.0909090909090909,0.0208934473908997,0
0,1,0,1,0,0,0,0,0,0,0,0,0,0,1,0,0,0,0,0,0,0,1,0.144736842105263,0.131313131313131,0.0502666104653741,0
0,1,0,0,1,0,0,0,0,0,0,0,1,0,0,0,0,0,0,1,0,0,0,0.144736842105263,0,0.0113646160959268,0
0,1,0,0,1,0,0,0,0,0,0,0,1,0,0,0,0,0,1,0,0,0,0,0.144736842105263,0.111111111111111,0.0319083795552801,0
0,1,0,0,1,0,0,0,0,0,0,0,0,0,1,0,1,0,0,0,0,0,0,0.144736842105263,0.0808080808080808,0.0108401061527971,0
0,1,0,0,0,1,0,0,0,0,0,0,0,0,1,0,1,0,0,0,0,0,0,0.144736842105263,0.0707070707070707,0.0771920498357835,0
0,1,0,0,0,1,0,0,0,0,0,0,0,0,1,0,0,0,0,0,1,0,0,0.144736842105263,0.0909090909090909,0.0254392746842427,0
0,1,0,0,0,1,0,0,0,0,0,0,0,0,1,0,0,0,0,0,0,1,0,0.144736842105263,0.0909090909090909,0.0142494845998992,0
0,1,0,0,0,1,0,0,0,0,0,0,0,0,0,1,0,0,0,1,0,0,0,0.144736842105263,0.0707070707070707,0.00804266660880614,0
0,1,0,0,0,0,1,0,0,0,0,0,0,1,0,0,0,0,0,0,0,0,1,0.144736842105263,0.0808080808080808,0.00804266660880614,0
0,1,0,0,0,0,1,0,0,0,0,0,0,0,1,0,0,1,0,0,0,0,0,0.144736842105263,0.111111111111111,0.0154733943145011,0
1,0,0,1,0,0,0,0,0,0,0,0,0,1,0,0,0,1,0,0,0,0,0,0.157894736842105,0.151515151515152,0.015560791366103,0.5
1,0,0,0,1,0,0,0,0,0,0,0,0,1,0,0,0,0,0,0,0,0,1,0.157894736842105,0.181818181818182,0.00332198139550022,0
1,0,0,0,0,1,0,0,0,0,0,1,0,0,0,0,0,0,1,0,0,0,0,0.157894736842105,0.0505050505050505,0.0305096438290949,0
1,0,0,0,0,1,0,0,0,0,0,0,0,1,0,0,0,0,0,0,0,0,1,0.157894736842105,0.0101010101010101,0.0261386425473353,0
1,0,0,0,0,1,0,0,0,0,0,0,0,0,1,0,0,0,0,0,0,0,1,0.157894736842105,0.111111111111111,0.0118891579474361,0
0,1,1,0,0,0,0,0,0,1,0,0,0,0,0,0,1,0,0,0,0,0,0,0.157894736842105,0.292929292929293,0.00839235054035246,0
0,1,1,0,0,0,0,0,0,0,0,1,0,0,0,0,0,0,0,0,0,1,0,0.157894736842105,0.0404040404040404,0.0160853332176123,0
0,1,1,0,0,0,0,0,0,0,0,1,0,0,0,0,0,0,0,0,0,0,1,0.157894736842105,0.0707070707070707,0.0160853332176123,0
0,1,0,1,0,0,0,0,0,0,0,0,0,1,0,0,0,0,0,1,0,0,0,0.157894736842105,0.111111111111111,0.0159979042576308,0
0,1,0,1,0,0,0,0,0,0,0,0,0,0,1,0,1,0,0,0,0,0,0,0.157894736842105,0.0303030303030303,0.0145117714798436,0
0,1,0,0,1,0,0,0,0,1,0,0,0,0,0,0,1,0,0,0,0,0,0,0.157894736842105,0.0505050505050505,0.0180959759385291,0
0,1,0,0,1,0,0,0,0,1,0,0,0,0,0,0,0,0,1,0,0,0,0,0.157894736842105,0.0606060606060606,0.000786796823074098,0
0,1,0,0,1,0,0,0,0,0,0,0,1,0,0,0,0,0,0,0,0,0,1,0.157894736842105,0.0404040404040404,0.0319083795552801,0
0,1,0,0,0,1,0,0,0,0,0,0,1,0,0,0,0,0,0,0,0,0,1,0.157894736842105,0.0303030303030303,0.0474691709213832,0
0,1,0,0,0,1,0,0,0,0,0,0,1,0,0,0,0,0,0,1,0,0,0,0.157894736842105,0.191919191919192,0.0319083795552801,0
0,1,0,0,0,1,0,0,0,0,0,0,1,0,0,0,1,0,0,0,0,0,0,0.157894736842105,0.292929292929293,0.00839235054035246,0
1,0,0,1,0,0,0,0,0,0,0,0,1,0,0,0,0,1,0,0,0,0,0,0.171052631578947,0.161616161616162,0.0218550702255571,0
1,0,0,1,0,0,0,0,0,0,0,0,0,0,1,0,0,1,0,0,0,0,0,0.171052631578947,0.101010101010101,0.00795523764882467,0
1,0,0,0,0,1,0,0,0,0,0,0,1,0,0,0,0,0,0,1,0,0,0,0.171052631578947,0.141414141414141,0.00174841965773158,0
0,1,1,0,0,0,0,0,0,0,0,1,0,0,0,0,0,0,0,0,1,0,0,0.171052631578947,0.111111111111111,0.0319083795552801,0
0,1,1,0,0,0,0,0,0,0,0,1,0,0,0,0,0,0,0,0,0,1,0,0.171052631578947,0.272727272727273,0.0158230463376679,0
0,1,1,0,0,0,0,0,0,0,0,0,1,0,0,0,0,0,0,0,0,1,0,0.171052631578947,0.0404040404040404,0.0227292641002332,0
0,1,0,1,0,0,0,0,0,0,1,0,0,0,0,0,1,0,0,0,0,0,0,0.171052631578947,0.141414141414141,0.0319083795552801,0
0,1,0,1,0,0,0,0,0,0,0,1,0,0,0,0,1,0,0,0,0,0,0,0.171052631578947,0.121212121212121,0.0132878617652418,0
0,1,0,1,0,0,0,0,0,0,0,1,0,0,0,0,0,1,0,0,0,0,0,0.171052631578947,0.161616161616162,0.0554244085702078,0
0,1,0,1,0,0,0,0,0,0,0,0,0,1,0,0,0,0,1,0,0,0,0,0.171052631578947,0.151515151515152,0.0172217820638531,0
0,1,0,1,0,0,0,0,0,0,0,0,0,0,1,0,0,0,0,0,0,1,0,0.171052631578947,0.0909090909090909,0.0319083795552801,0
0,1,0,0,1,0,0,0,0,0,0,0,0,0,1,0,0,0,0,0,0,0,1,0.171052631578947,0.0404040404040404,0.0298977049259837,0
0,1,0,0,1,0,0,0,0,0,0,0,0,0,1,0,0,0,0,0,0,1,0,0.171052631578947,0.0707070707070707,0.00454585920172254,0
0,1,0,0,0,1,0,0,0,0,0,1,0,0,0,0,0,0,0,0,0,1,0,0.171052631578947,0.0505050505050505,0.0051577981048337,0
0,1,0,0,0,1,0,0,0,0,0,0,1,0,0,0,0,0,0,0,0,1,0,0.171052631578947,0.0808080808080808,0.0149488524629919,0
0,1,0,0,0,1,0,0,0,0,0,0,0,1,0,0,1,0,0,0,0,0,0,0.171052631578947,0.0303030303030303,0.0471194869898369,0
0,1,0,0,0,1,0,0,0,0,0,0,0,0,1,0,0,0,0,0,1,0,0,0.171052631578947,0.121212121212121,0.0319083795552801,0
0,1,0,0,0,1,0,0,0,0,0,0,0,0,1,0,0,0,0,0,0,0,1,0.171052631578947,0.141414141414141,0.022117325197122,0
0,1,0,0,0,1,0,0,0,0,0,0,0,0,1,0,1,0,0,0,0,0,0,0.171052631578947,0.151515151515152,0.0419616888850032,0
1,0,0,0,1,0,0,0,0,0,0,0,0,1,0,0,0,0,0,0,0,0,1,0.184210526315789,0.181818181818182,0.0292857660228726,0
1,0,0,0,1,0,0,0,0,0,0,0,0,1,0,0,0,0,0,0,0,0,1,0.184210526315789,0.252525252525253,0.0116269029758712,0
1,0,0,0,0,0,0,1,0,0,0,0,0,1,0,0,0,0,0,1,0,0,0,0.184210526315789,0.161616161616162,0.0300725628459467,0
0,1,1,0,0,0,0,0,0,1,0,0,0,0,0,0,0,0,0,0,1,0,0,0.184210526315789,0.565656565656566,0.0159979042576308,0
0,1,1,0,0,0,0,0,0,0,0,0,0,1,0,0,0,0,0,0,0,0,1,0.184210526315789,0.0303030303030303,0.0319083795552801,0
0,1,1,0,0,0,0,0,0,0,0,0,0,1,0,0,0,0,0,0,0,1,0,0.184210526315789,0.0707070707070707,0.0298103078743818,0
0,1,1,0,0,0,0,0,0,0,0,0,0,1,0,0,1,0,0,0,0,0,0,0.184210526315789,0.151515151515152,0.0319083795552801,0
0,1,1,0,0,0,0,0,0,0,0,0,0,1,0,0,0,1,0,0,0,0,0,0.184210526315789,0.171717171717172,0.00804266660880614,0
0,1,0,1,0,0,0,0,0,0,0,0,0,0,1,0,0,0,0,0,1,0,0,0.184210526315789,0.111111111111111,0.0125010968505472,0
0,1,0,0,1,0,0,0,0,0,0,1,0,0,0,0,0,0,0,0,0,0,1,0.184210526315789,0,0.0148614235030104,0
0,1,0,0,1,0,0,0,0,0,0,0,1,0,0,0,1,0,0,0,0,0,0,0.184210526315789,0.141414141414141,0.0318209505952987,0
0,1,0,0,1,0,0,0,0,0,0,0,0,1,0,0,0,0,0,0,0,0,1,0.184210526315789,0.141414141414141,0.0319083795552801,0
0,1,0,0,1,0,0,0,0,0,0,0,0,0,1,0,0,0,0,0,1,0,0,0.184210526315789,0.0606060606060606,0.0117143000274731,0
0,1,0,0,1,0,0,0,0,0,0,0,0,0,1,0,1,0,0,0,0,0,0,0.184210526315789,0.141414141414141,0.0114520450559083,0
0,1,0,0,0,1,0,0,0,0,0,0,1,0,0,0,0,0,0,0,1,0,0,0.184210526315789,0.111111111111111,0.0369787487001324,0
0,1,0,0,0,1,0,0,0,0,0,0,1,0,0,0,0,0,0,1,0,0,0,0.184210526315789,0.161616161616162,0.00874203447189877,0
0,1,0,0,0,1,0,0,0,0,0,0,0,0,1,0,0,0,0,1,0,0,0,0.184210526315789,0.0202020202020202,0.0188827727616032,0
1,0,0,1,0,0,0,0,0,0,0,1,0,0,0,0,1,0,0,0,0,0,0,0.197368421052632,0.111111111111111,0.00690618585418573,0
0,1,1,0,0,0,0,0,0,0,0,0,1,0,0,0,0,0,0,0,1,0,0,0.197368421052632,0.0909090909090909,0.0158230463376679,0
0,1,1,0,0,0,0,0,0,0,0,0,0,0,1,0,0,0,0,0,0,0,1,0.197368421052632,0.0606060606060606,0.0107526771928156,0
0,1,1,0,0,0,0,0,0,0,0,0,0,0,1,0,0,0,0,0,0,0,1,0.197368421052632,0.151515151515152,0.0149488524629919,0
0,1,0,1,0,0,0,0,0,1,0,0,0,0,0,0,0,0,0,1,0,0,0,0.197368421052632,0.0202020202020202,0.00664393088262088,0
0,1,0,1,0,0,0,0,0,0,0,1,0,0,0,0,0,0,0,0,0,0,1,0.197368421052632,0.0303030303030303,0.0445843024174107,0
0,1,0,1,0,0,0,0,0,0,0,1,0,0,0,0,0,0,1,0,0,0,0,0.197368421052632,0.0404040404040404,0.0132004647136398,0
0,1,0,1,0,0,0,0,0,0,0,0,1,0,0,0,0,1,0,0,0,0,0,0.197368421052632,0.171717171717172,0.0553370115186059,0
0,1,0,1,0,0,0,0,0,0,0,0,0,1,0,0,0,0,1,0,0,0,0,0.197368421052632,0.171717171717172,0.0811259701343949,0
0,1,0,0,1,0,0,0,0,1,0,0,0,0,0,0,1,0,0,0,0,0,0,0.197368421052632,0.0909090909090909,0.0319083795552801,0
0,1,0,0,1,0,0,0,0,0,0,0,1,0,0,0,0,0,0,0,0,0,1,0.197368421052632,0.0101010101010101,0.0310341856806041,0
0,1,0,0,1,0,0,0,0,0,0,0,0,1,0,0,0,0,0,0,1,0,0,0.197368421052632,0.0606060606060606,0.00139873572618526,0
0,1,0,0,1,0,0,0,0,0,0,0,0,0,1,0,0,0,0,0,1,0,0,0.197368421052632,0.151515151515152,0.0120639839590194,0
0,1,0,0,0,1,0,0,0,0,0,0,0,1,0,0,0,1,0,0,0,0,0,0.197368421052632,0.0101010101010101,0.0078678086888432,0
0,1,0,0,0,1,0,0,0,0,0,0,0,1,0,0,0,0,0,0,0,0,1,0.197368421052632,0.121212121212121,0.0479937127728924,0
0,1,0,0,0,1,0,0,0,0,0,0,0,1,0,0,0,0,0,1,0,0,0,0.197368421052632,0.262626262626263,0.0159104752976493,0
0,1,0,0,0,1,0,0,0,0,0,0,0,0,0,1,0,0,0,0,0,0,1,0.197368421052632,0.121212121212121,0.0245650808095666,0
0,1,0,0,0,0,0,1,0,0,0,0,1,0,0,0,0,0,0,0,1,0,0,0.197368421052632,0.0101010101010101,0.0159104752976493,0
0,1,0,0,0,0,0,1,0,0,0,0,0,0,0,1,1,0,0,0,0,0,0,0.197368421052632,0.121212121212121,0.0212430994140664,0
1,0,0,1,0,0,0,0,0,0,0,0,1,0,0,0,0,0,0,1,0,0,0,0.210526315789474,0.161616161616162,0.0159104752976493,0
1,0,0,0,0,1,0,0,0,0,1,0,0,0,0,0,0,1,0,0,0,0,0,0.210526315789474,0.0101010101010101,0.00166099069775011,0
1,0,0,0,0,1,0,0,0,0,0,1,0,0,0,0,0,1,0,0,0,0,0,0.210526315789474,0.242424242424242,0.00542005307639855,0
0,1,1,0,0,0,0,0,0,1,0,0,0,0,0,0,0,0,0,1,0,0,0,0.210526315789474,0.111111111111111,0.0101407382897045,0
0,1,1,0,0,0,0,0,0,0,0,0,1,0,0,0,0,0,0,0,0,1,0,0.210526315789474,0.0808080808080808,0.0144243425198622,0
0,1,0,1,0,0,0,0,0,0,0,0,1,0,0,0,0,1,0,0,0,0,0,0.210526315789474,0.141414141414141,0.0319083795552801,0
0,1,0,1,0,0,0,0,0,0,0,0,0,1,0,0,0,0,0,1,0,0,0,0.210526315789474,0.111111111111111,0.0246525097695481,0
0,1,0,0,1,0,0,0,0,0,0,1,0,0,0,0,0,0,1,0,0,0,0,0.210526315789474,0.0808080808080808,0.00891686048348215,0
0,1,0,0,1,0,0,0,0,0,0,1,0,0,0,0,0,0,0,0,0,1,0,0.210526315789474,0.121212121212121,0.00594456301952825,0
0,1,0,0,1,0,0,0,0,0,0,1,0,0,0,0,0,0,0,0,0,0,1,0.210526315789474,0.171717171717172,0.0152111074345567,0
0,1,0,0,0,1,0,0,0,0,0,1,0,0,0,0,1,0,0,0,0,0,0,0.210526315789474,0.0101010101010101,0.0021855006408798,0
0,1,0,0,0,1,0,0,0,0,0,0,0,0,1,0,0,0,0,0,0,0,1,0.210526315789474,0.0303030303030303,0.0319083795552801,0
0,1,0,0,0,1,0,0,0,0,0,0,0,0,1,0,0,0,0,0,0,1,0,0.210526315789474,0.141414141414141,0.0232537740433629,0
0,1,0,0,0,1,0,0,0,0,0,0,0,0,1,0,0,1,0,0,0,0,0,0.210526315789474,0.151515151515152,0.00305969451555581,0
0,1,0,0,0,1,0,0,0,0,0,0,0,0,0,1,0,0,0,0,0,0,1,0.210526315789474,0.0202020202020202,0.0319083795552801,0
1,0,0,0,0,0,0,1,0,0,0,1,0,0,0,0,0,0,0,0,0,0,1,0.223684210526316,0.0808080808080808,0.0159104752976493,0
0,1,1,0,0,0,0,0,0,0,1,0,0,0,0,0,0,1,0,0,0,0,0,0.223684210526316,0.393939393939394,0.00131130676620379,0
0,1,1,0,0,0,0,0,0,0,0,0,0,1,0,0,0,0,0,0,0,0,1,0.223684210526316,0.222222222222222,0.00944137042661184,0
0,1,0,1,0,0,0,0,0,0,0,0,0,1,0,0,0,0,0,0,0,0,1,0.223684210526316,0.121212121212121,0.0152111074345567,0
0,1,0,1,0,0,0,0,0,0,0,0,0,1,0,0,0,0,0,0,0,1,0,0.223684210526316,0.181818181818182,0.0159104752976493,0
0,1,0,0,0,1,0,0,0,1,0,0,0,0,0,0,0,0,0,0,0,0,1,0.223684210526316,0.434343434343434,0.0319083795552801,0
0,1,0,0,0,1,0,0,0,0,0,0,0,1,0,0,0,0,0,0,0,0,1,0.223684210526316,0.0909090909090909,0.0159104752976493,0
0,1,0,0,0,1,0,0,0,0,0,0,0,0,1,0,0,1,0,0,0,0,0,0.223684210526316,0.181818181818182,0.0154733943145011,0
0,1,0,0,0,0,0,1,0,0,0,1,0,0,0,0,0,0,0,0,0,0,1,0.223684210526316,0.0202020202020202,0.0564734603648468,0
1,0,0,1,0,0,0,0,0,1,0,0,0,0,0,0,1,0,0,0,0,0,0,0.236842105263158,0.232323232323232,0.0160853332176123,0
1,0,0,0,1,0,0,0,0,0,0,0,0,1,0,0,0,0,1,0,0,0,0,0.236842105263158,0.0909090909090909,0.00069936786309263,0
0,1,1,0,0,0,0,0,0,0,0,1,0,0,0,0,0,0,0,0,1,0,0,0.236842105263158,0.191919191919192,0.0319083795552801,0
0,1,0,1,0,0,0,0,0,0,0,1,0,0,0,0,0,0,0,0,0,0,1,0.236842105263158,0.151515151515152,0.0512282333000316,0
0,1,0,1,0,0,0,0,0,0,0,0,0,0,1,0,0,0,0,0,0,0,1,0.236842105263158,0.0808080808080808,0.014686597491427,0
0,1,0,0,1,0,0,0,0,0,0,0,0,0,1,0,0,0,0,0,0,0,1,0.236842105263158,0.0909090909090909,0.0129381778336954,0
0,1,0,0,0,1,0,0,0,1,0,0,0,0,0,0,0,0,0,1,0,0,0,0.236842105263158,0.464646464646465,0.0319958085152616,0
0,1,0,0,0,1,0,0,0,0,0,1,0,0,0,0,0,0,0,0,0,0,1,0.236842105263158,0.0909090909090909,0.0454585282004663,0
0,1,0,0,0,1,0,0,0,0,0,0,0,1,0,0,0,0,0,0,0,0,1,0.236842105263158,0.0808080808080808,0.0653028918883475,0
0,1,0,0,0,0,0,1,0,0,0,0,1,0,0,0,0,0,1,0,0,0,0,0.236842105263158,0.202020202020202,0.0296354499544189,0
1,0,0,0,0,1,0,0,0,0,0,1,0,0,0,0,0,0,0,1,0,0,0,0.25,0.0404040404040404,0.0158230463376679,0
0,1,1,0,0,0,0,0,0,0,0,0,1,0,0,0,0,1,0,0,0,0,0,0.25,0.0101010101010101,0.0159104752976493,0
0,1,0,1,0,0,0,0,0,0,0,1,0,0,0,0,0,0,0,1,0,0,0,0.25,0.0707070707070707,0.00393392029861138,0
0,1,0,1,0,0,0,0,0,0,0,0,0,1,0,0,0,1,0,0,0,0,0,0.25,0.272727272727273,0.00743072770569498,0
0,1,0,0,1,0,0,0,0,0,0,0,1,0,0,0,1,0,0,0,0,0,0,0.25,0.232323232323232,0.0319083795552801,0
0,1,0,0,0,1,0,0,0,0,0,1,0,0,0,0,0,0,0,0,0,0,1,0.25,0.222222222222222,0.0319083795552801,0
0,1,0,0,0,1,0,0,0,0,0,1,0,0,0,0,1,0,0,0,0,0,0,0.25,0.262626262626263,0.0319083795552801,0
0,1,0,0,0,1,0,0,0,0,0,0,1,0,0,0,0,0,0,0,1,0,0,0.25,0.0707070707070707,0.0220298962371405,0
0,1,1,0,0,0,0,0,0,1,0,0,0,0,0,0,0,0,0,1,0,0,0,0.263157894736842,0.0202020202020202,0.00804266660880614,0.5
0,1,1,0,0,0,0,0,0,0,0,0,1,0,0,0,1,0,0,0,0,0,0,0.263157894736842,0.141414141414141,0.00550748203638002,0
0,1,0,0,1,0,0,0,0,0,0,0,1,0,0,0,0,0,1,0,0,0,0,0.263157894736842,0.171717171717172,0.0160853332176123,0
0,1,0,0,1,0,0,0,0,0,0,0,0,0,0,1,0,0,0,0,0,0,1,0.263157894736842,0.0202020202020202,0.0309467567206227,0
0,1,0,0,0,1,0,0,0,1,0,0,0,0,0,0,1,0,0,0,0,0,0,0.263157894736842,0.111111111111111,0.0173092110238346,0
0,1,0,0,0,1,0,0,0,0,1,0,0,0,0,0,0,0,0,0,0,0,1,0.263157894736842,0.161616161616162,0.0150362814229733,0
0,1,0,0,0,1,0,0,0,0,0,1,0,0,0,0,0,0,1,0,0,0,0,0.263157894736842,0.0808080808080808,0.0314712666637524,0
0,1,0,0,0,1,0,0,0,0,0,0,0,1,0,0,0,0,0,0,0,1,0,0.263157894736842,0.171717171717172,0.0319083795552801,0
0,1,0,0,0,1,0,0,0,0,0,0,0,0,0,1,0,0,0,0,0,0,1,0.263157894736842,0.0707070707070707,0.0145991685314455,0
0,1,0,0,0,0,0,1,0,0,1,0,0,0,0,0,1,0,0,0,0,0,0,0.263157894736842,0.0505050505050505,0.0319083795552801,0
0,1,0,0,0,0,0,1,0,0,0,0,0,0,0,1,1,0,0,0,0,0,0,0.263157894736842,0.454545454545455,0.0319083795552801,0
1,0,1,0,0,0,0,0,0,0,0,1,0,0,0,0,1,0,0,0,0,0,0,0.276315789473684,0.222222222222222,0.023865712946474,0
1,0,1,0,0,0,0,0,0,0,0,0,1,0,0,0,0,1,0,0,0,0,0,0.276315789473684,0.181818181818182,0.0319083795552801,0
1,0,0,0,1,0,0,0,0,0,0,1,0,0,0,0,0,1,0,0,0,0,0,0.276315789473684,0.151515151515152,0.0160853332176123,0
0,1,1,0,0,0,0,0,0,0,0,0,1,0,0,0,0,0,0,0,0,0,1,0.276315789473684,0.111111111111111,0.0159979042576308,0
0,1,0,1,0,0,0,0,0,0,1,0,0,0,0,0,0,0,0,1,0,0,0,0.276315789473684,0.0303030303030303,0.00507036914485224,0
0,1,0,1,0,0,0,0,0,0,0,1,0,0,0,0,1,0,0,0,0,0,0,0.276315789473684,0.262626262626263,0.0290235110513077,0
0,1,0,0,1,0,0,0,0,1,0,0,0,0,0,0,0,0,0,0,0,1,0,0.276315789473684,0.171717171717172,0.00419617527017623,0
0,1,0,0,1,0,0,0,0,0,0,1,0,0,0,0,0,1,0,0,0,0,0,0.276315789473684,0.121212121212121,0.00725586978573204,0
0,1,0,0,0,1,0,0,0,1,0,0,0,0,0,0,1,0,0,0,0,0,0,0.276315789473684,0.141414141414141,0.0410874950103272,0
0,1,0,0,0,1,0,0,0,0,0,1,0,0,0,0,0,0,0,0,0,0,1,0.276315789473684,0.181818181818182,0.0319083795552801,0
0,1,0,0,0,1,0,0,0,0,0,0,0,1,0,0,0,0,0,0,0,0,1,0.276315789473684,0.171717171717172,0.0638167591105603,0
1,0,0,0,1,0,0,0,0,0,0,1,0,0,0,0,0,0,0,0,0,0,1,0.289473684210526,0.121212121212121,0.0451962413205219,0
1,0,0,0,1,0,0,0,0,0,0,0,0,1,0,0,0,0,0,0,0,0,1,0.289473684210526,0.0202020202020202,0.0132878617652418,0
0,1,1,0,0,0,0,0,0,0,0,0,1,0,0,0,0,0,1,0,0,0,0,0.289473684210526,0.0808080808080808,0.00542005307639855,0
0,1,1,0,0,0,0,0,0,0,0,0,1,0,0,0,0,0,0,0,0,0,1,0.289473684210526,0.121212121212121,0.0340064512361785,0
0,1,0,0,1,0,0,0,0,0,0,0,0,0,1,0,1,0,0,0,0,0,0,0.289473684210526,0.121212121212121,0.00271004249238905,0
0,1,0,0,0,1,0,0,0,0,1,0,0,0,0,0,0,1,0,0,0,0,0,0.289473684210526,0.292929292929293,0.0319083795552801,0
0,1,0,0,0,1,0,0,0,0,0,0,1,0,0,0,1,0,0,0,0,0,0,0.289473684210526,0.202020202020202,0.0359296969054934,0
0,1,0,0,0,1,0,0,0,0,0,0,0,1,0,0,0,0,0,0,0,1,0,0.289473684210526,0.0202020202020202,0.0141620875482973,0
0,1,0,0,0,1,0,0,0,0,0,0,0,1,0,0,0,0,0,0,0,0,1,0.289473684210526,0.0808080808080808,0.0108401061527971,0
0,1,0,0,0,0,0,1,0,0,0,1,0,0,0,0,0,1,0,0,0,0,0,0.289473684210526,0.111111111111111,0.0160853332176123,0
1,0,0,0,0,1,0,0,0,0,0,1,0,0,0,0,1,0,0,0,0,0,0,0.302631578947368,0.161616161616162,0.0371536066200953,0
0,1,1,0,0,0,0,0,0,0,0,0,0,0,1,0,0,0,0,0,0,0,1,0.302631578947368,0.0808080808080808,0.0144243425198622,0
0,1,0,1,0,0,0,0,0,0,0,0,0,1,0,0,0,0,0,0,0,0,1,0.302631578947368,0.0505050505050505,0.00524522706481517,0
0,1,0,1,0,0,0,0,0,0,0,0,0,1,0,0,0,0,1,0,0,0,0,0.302631578947368,0.0808080808080808,0.0078678086888432,0
0,1,0,0,1,0,0,0,0,1,0,0,0,0,0,0,1,0,0,0,0,0,0,0.302631578947368,0.535353535353535,0.0319083795552801,0
0,1,0,0,0,1,0,0,0,1,0,0,0,0,0,0,0,0,0,0,0,1,0,0.302631578947368,0,0.00813009556878761,0
0,1,0,0,0,1,0,0,0,0,0,1,0,0,0,0,0,1,0,0,0,0,0,0.302631578947368,0.161616161616162,0.00979105435815816,0
0,1,0,0,0,1,0,0,0,0,0,0,1,0,0,0,0,0,1,0,0,0,0,0.302631578947368,0.212121212121212,0.00970365730655625,0
0,1,0,0,0,1,0,0,0,0,0,0,0,0,1,0,0,0,0,0,0,0,1,0.302631578947368,0.0505050505050505,0.0112772190443249,0
1,0,1,0,0,0,0,0,0,0,0,0,1,0,0,0,1,0,0,0,0,0,0,0.315789473684211,0.0606060606060606,0.0194947116647144,0
1,0,0,0,1,0,0,0,0,0,0,1,0,0,0,0,0,0,0,0,0,0,1,0.315789473684211,0.0606060606060606,0.015735649286066,0
1,0,0,0,1,0,0,0,0,0,0,1,0,0,0,0,0,0,0,0,0,0,1,0.315789473684211,0.171717171717172,0.03024738885753,0
1,0,0,0,0,1,0,0,0,0,0,0,0,0,1,0,1,0,0,0,0,0,0,0.315789473684211,0.151515151515152,0.0264883264788816,0
0,1,1,0,0,0,0,0,0,0,0,0,1,0,0,0,0,0,0,0,0,0,1,0.315789473684211,0.0101010101010101,0.0134627196852047,0
0,1,1,0,0,0,0,0,0,0,0,0,0,0,1,0,0,0,0,1,0,0,0,0.315789473684211,0.121212121212121,0.0147740264514085,0
0,1,0,1,0,0,0,0,0,0,0,1,0,0,0,0,0,0,0,1,0,0,0,0.315789473684211,0.171717171717172,0.0165224142007605,0
0,1,0,0,1,0,0,0,0,0,0,1,0,0,0,0,0,0,0,0,0,1,0,0.315789473684211,0.0101010101010101,0.0135501486451862,0
0,1,0,0,0,1,0,0,0,1,0,0,0,0,0,0,1,0,0,0,0,0,0,0.315789473684211,0.464646464646465,0.0308593277606412,0
0,1,0,0,0,1,0,0,0,1,0,0,0,0,0,0,0,1,0,0,0,0,0,0.315789473684211,0.565656565656566,0.0303348178175115,0
0,1,0,0,0,1,0,0,0,0,1,0,0,0,0,0,0,0,0,0,0,0,1,0.315789473684211,0.0505050505050505,0.0239531419064555,0
0,1,0,0,0,1,0,0,0,0,0,0,1,0,0,0,1,0,0,0,0,0,0,0.315789473684211,0.0808080808080808,0.0470320899382349,0
0,1,0,0,0,1,0,0,0,0,0,0,1,0,0,0,0,0,1,0,0,0,0,0.315789473684211,0.181818181818182,0.0345309930876877,0
0,1,0,0,0,1,0,0,0,0,0,0,0,1,0,0,0,0,0,0,0,0,1,0.315789473684211,0.101010101010101,0.0352303609507804,0
0,1,0,0,0,0,1,0,0,0,0,0,0,1,0,0,0,1,0,0,0,0,0,0.315789473684211,0.161616161616162,0.0140746585883159,0
0,1,0,0,0,0,1,0,0,0,0,0,0,1,0,0,0,0,0,0,0,0,1,0.315789473684211,0.181818181818182,0.0299851338859652,0
0,1,0,0,0,0,0,1,0,0,0,0,0,0,1,0,0,0,0,0,0,1,0,0.315789473684211,0.121212121212121,0.0138998006683529,0
0,1,1,0,0,0,0,0,0,0,0,1,0,0,0,0,0,0,0,0,0,1,0,0.328947368421053,0.0707070707070707,0.00874203447189877,0
0,1,1,0,0,0,0,0,0,0,0,1,0,0,0,0,0,1,0,0,0,0,0,0.328947368421053,0.0808080808080808,0.0211557023624645,0
0,1,0,1,0,0,0,0,0,0,0,1,0,0,0,0,0,1,0,0,0,0,0,0.328947368421053,0.0202020202020202,0.047731425892948,0
0,1,0,1,0,0,0,0,0,0,0,1,0,0,0,0,1,0,0,0,0,0,0,0.328947368421053,0.252525252525253,0.0159104752976493,0
0,1,0,0,1,0,0,0,0,0,0,1,0,0,0,0,1,0,0,0,0,0,0,0.328947368421053,0,0.0563860314048653,0
0,1,0,0,1,0,0,0,0,0,0,0,1,0,0,0,0,0,0,0,0,0,1,0.328947368421053,0.161616161616162,0.0804266022713023,0
0,1,0,0,0,1,0,0,0,1,0,0,0,0,0,0,0,1,0,0,0,0,0,0.328947368421053,0.535353535353535,0.00804266660880614,0
0,1,0,0,0,1,0,0,0,0,0,1,0,0,0,0,0,0,1,0,0,0,0,0.328947368421053,0.0101010101010101,0.037678116563225,0
0,1,0,0,0,1,0,0,0,0,0,1,0,0,0,0,1,0,0,0,0,0,0,0.328947368421053,0.0808080808080808,0.0159104752976493,0
0,1,0,0,0,1,0,0,0,0,0,1,0,0,0,0,0,1,0,0,0,0,0,0.328947368421053,0.141414141414141,0.0341813091561414,0
0,1,0,0,0,1,0,0,0,0,0,1,0,0,0,0,1,0,0,0,0,0,0,0.328947368421053,0.151515151515152,0.0881195849485621,0
0,1,0,0,0,1,0,0,0,0,0,0,1,0,0,0,0,1,0,0,0,0,0,0.328947368421053,0.131313131313131,0.0162601592291957,0
0,1,0,0,0,1,0,0,0,0,0,0,1,0,0,0,0,0,0,0,1,0,0,0.328947368421053,0.141414141414141,0.0207185894709367,0
0,1,0,0,0,1,0,0,0,0,0,0,0,1,0,0,0,0,0,1,0,0,0,0.328947368421053,0.0909090909090909,0.037678116563225,0
0,1,0,0,0,1,0,0,0,0,0,0,0,1,0,0,0,0,0,1,0,0,0,0.328947368421053,0.131313131313131,0.0214179573340294,0
0,1,0,0,0,1,0,0,0,0,0,0,0,1,0,0,0,0,0,1,0,0,0,0.328947368421053,0.161616161616162,0.0363668097970212,0
0,1,0,0,0,1,0,0,0,0,0,0,0,0,1,0,0,0,0,0,0,0,1,0.328947368421053,0.131313131313131,0.150537608332937,0
0,1,0,0,0,1,0,0,0,0,0,0,0,0,1,0,0,0,0,0,0,0,1,0.328947368421053,0.181818181818182,0.0298977049259837,0
0,1,0,0,0,0,0,1,0,0,0,0,0,1,0,0,0,0,0,0,0,0,1,0.328947368421053,0.191919191919192,0.0125885258105287,0
1,0,0,1,0,0,0,0,0,0,1,0,0,0,0,0,0,0,1,0,0,0,0,0.342105263157895,0.141414141414141,0.015560791366103,0
1,0,0,0,0,1,0,0,0,0,1,0,0,0,0,0,1,0,0,0,0,0,0,0.342105263157895,0.101010101010101,0.0116269029758712,0
1,0,0,0,0,1,0,0,0,0,0,0,1,0,0,0,0,0,0,0,0,1,0,0.342105263157895,0.252525252525253,0.0173092110238346,0
0,1,1,0,0,0,0,0,0,0,0,0,1,0,0,0,0,0,0,0,0,0,1,0.342105263157895,0.181818181818182,0.0311215827322061,0
0,1,1,0,0,0,0,0,0,0,0,0,1,0,0,0,0,0,1,0,0,0,0,0.342105263157895,0.191919191919192,0.0056823080479634,0
0,1,1,0,0,0,0,0,0,0,0,0,1,0,0,0,0,0,0,0,0,1,0,0.342105263157895,0.191919191919192,0.0298977049259837,0
0,1,0,1,0,0,0,0,0,1,0,0,0,0,0,0,0,0,0,0,1,0,0,0.342105263157895,0.474747474747475,0.0319083795552801,0
0,1,0,1,0,0,0,0,0,0,1,0,0,0,0,0,0,0,0,0,0,0,1,0.342105263157895,0.0808080808080808,0.0319083795552801,0
0,1,0,1,0,0,0,0,0,0,1,0,0,0,0,0,1,0,0,0,0,0,0,0.342105263157895,0.313131313131313,0.0159979042576308,0
0,1,0,1,0,0,0,0,0,0,0,0,0,1,0,0,0,0,0,0,1,0,0,0.342105263157895,0.0202020202020202,0.0319083795552801,0
0,1,0,0,1,0,0,0,0,0,0,1,0,0,0,0,0,0,0,0,0,0,1,0.342105263157895,0.232323232323232,0.0638167591105603,0
0,1,0,0,1,0,0,0,0,0,0,0,0,1,0,0,0,0,0,0,1,0,0,0.342105263157895,0.131313131313131,0.0479937127728924,0
0,1,0,0,1,0,0,0,0,0,0,0,0,1,0,0,0,0,0,0,0,0,1,0.342105263157895,0.232323232323232,0.0126759228621306,0
0,1,0,0,1,0,0,0,0,0,0,0,0,0,1,0,0,0,0,0,1,0,0,0.342105263157895,0.0808080808080808,0.0123262389305843,0
0,1,0,0,0,1,0,0,0,1,0,0,0,0,0,0,1,0,0,0,0,0,0,0.342105263157895,0.363636363636364,0.03024738885753,0
0,1,0,0,0,1,0,0,0,0,1,0,0,0,0,0,0,1,0,0,0,0,0,0.342105263157895,0.484848484848485,0.0319083795552801,0
0,1,0,0,0,1,0,0,0,0,0,1,0,0,0,0,1,0,0,0,0,0,0,0.342105263157895,0.101010101010101,0.0300725628459467,0
0,1,0,0,0,1,0,0,0,0,0,1,0,0,0,0,0,0,0,1,0,0,0,0.342105263157895,0.121212121212121,0.0139872296283344,0
0,1,0,0,0,1,0,0,0,0,0,0,1,0,0,0,1,0,0,0,0,0,0,0.342105263157895,0.0303030303030303,0.0439723635142996,0
0,1,0,0,0,1,0,0,0,0,0,0,1,0,0,0,0,0,0,0,0,0,1,0.342105263157895,0.141414141414141,0.110411736157267,0
0,1,0,0,0,1,0,0,0,0,0,0,1,0,0,0,0,1,0,0,0,0,0,0.342105263157895,0.212121212121212,0.0401258721756697,0
0,1,0,0,0,1,0,0,0,0,0,0,0,1,0,0,0,0,1,0,0,0,0,0.342105263157895,0.121212121212121,0.0493049876307167,0
0,1,0,0,0,1,0,0,0,0,0,0,0,0,1,0,0,0,0,1,0,0,0,0.342105263157895,0.151515151515152,0.0320832055668635,0
0,1,0,0,0,1,0,0,0,0,0,0,0,0,1,0,0,0,0,1,0,0,0,0.342105263157895,0.161616161616162,0.0158230463376679,0
0,1,0,0,0,0,0,1,0,1,0,0,0,0,0,0,1,0,0,0,0,0,0,0.342105263157895,0.131313131313131,0.0145117714798436,0
0,1,0,0,0,0,0,1,0,0,0,1,0,0,0,0,0,0,0,1,0,0,0,0.342105263157895,0.161616161616162,0.0099659122781211,0
0,1,0,0,0,0,0,1,0,0,0,0,0,1,0,0,0,0,0,1,0,0,0,0.342105263157895,0.131313131313131,0.0319958085152616,0
1,0,0,1,0,0,0,0,0,0,0,0,0,0,1,0,0,0,0,0,0,0,1,0.355263157894737,0.131313131313131,0.0143369135598807,0
1,0,0,0,1,0,0,0,0,0,0,1,0,0,0,0,0,0,1,0,0,0,0,0.355263157894737,0.0101010101010101,0.00279743954399097,0
1,0,0,0,1,0,0,0,0,0,0,1,0,0,0,0,1,0,0,0,0,0,0,0.355263157894737,0.0202020202020202,0.0133752907252232,0
1,0,0,0,0,1,0,0,0,0,0,0,1,0,0,0,0,0,0,0,0,0,1,0.355263157894737,0.0505050505050505,0.0319083795552801,0
1,0,0,0,0,1,0,0,0,0,0,0,0,1,0,0,1,0,0,0,0,0,0,0.355263157894737,0.111111111111111,0.0291109400112892,0
1,0,0,0,0,0,1,0,0,1,0,0,0,0,0,0,0,0,1,0,0,0,0,0.355263157894737,0.424242424242424,0.00778041163724129,0
0,1,1,0,0,0,0,0,0,1,0,0,0,0,0,0,0,0,0,0,1,0,0,0.355263157894737,0.0606060606060606,0.0296354499544189,0
0,1,1,0,0,0,0,0,0,0,0,1,0,0,0,0,0,0,0,0,0,1,0,0.355263157894737,0.272727272727273,0.029373194982854,0
0,1,1,0,0,0,0,0,0,0,0,0,0,1,0,0,0,0,0,0,0,0,1,0.355263157894737,0.0707070707070707,0.0133752907252232,0
0,1,1,0,0,0,0,0,0,0,0,0,0,1,0,0,0,0,0,0,0,1,0,0.355263157894737,0.161616161616162,0.0170469560522698,0
0,1,0,1,0,0,0,0,0,0,0,1,0,0,0,0,0,0,0,0,0,0,1,0.355263157894737,0.181818181818182,0.0319083795552801,0
0,1,0,1,0,0,0,0,0,0,0,0,1,0,0,0,0,0,0,0,0,0,1,0.355263157894737,0.505050505050505,0.030422246777493,0
0,1,0,1,0,0,0,0,0,0,0,0,0,1,0,0,0,0,0,0,0,0,1,0.355263157894737,0.151515151515152,0.118192147794509,0
0,1,0,0,1,0,0,0,0,1,0,0,0,0,0,0,0,1,0,0,0,0,0,0.355263157894737,0.444444444444444,0.0319083795552801,0
0,1,0,0,1,0,0,0,0,0,0,0,1,0,0,0,0,0,0,0,1,0,0,0.355263157894737,0.161616161616162,0.047906283812911,0
0,1,0,0,1,0,0,0,0,0,0,0,1,0,0,0,0,0,0,0,0,1,0,0.355263157894737,0.161616161616162,0.0158230463376679,0
0,1,0,0,1,0,0,0,0,0,0,0,1,0,0,0,0,0,0,0,0,0,1,0.355263157894737,0.161616161616162,0.0288486850397243,0
0,1,0,0,1,0,0,0,0,0,0,0,0,1,0,0,0,0,0,1,0,0,0,0.355263157894737,0.161616161616162,0.0319083795552801,0
0,1,0,0,1,0,0,0,0,0,0,0,0,0,1,0,0,1,0,0,0,0,0,0.355263157894737,0.0303030303030303,0.0064691048710375,0
0,1,0,0,0,1,0,0,0,0,1,0,0,0,0,0,1,0,0,0,0,0,0,0.355263157894737,0.151515151515152,0.0454585282004663,0
0,1,0,0,0,1,0,0,0,0,1,0,0,0,0,0,0,0,0,0,0,0,1,0.355263157894737,0.222222222222222,0.0233412030033443,0
0,1,0,0,0,1,0,0,0,0,0,1,0,0,0,0,0,1,0,0,0,0,0,0.355263157894737,0.252525252525253,0.0158230463376679,0
0,1,0,0,0,1,0,0,0,0,0,0,1,0,0,0,0,0,1,0,0,0,0,0.355263157894737,0.0606060606060606,0.047731425892948,0
0,1,0,0,0,1,0,0,0,0,0,0,0,1,0,0,0,1,0,0,0,0,0,0.355263157894737,0.161616161616162,0.117492779931416,0
0,1,0,0,0,0,0,1,0,0,1,0,0,0,0,0,1,0,0,0,0,0,0,0.355263157894737,0.151515151515152,0.0203689055393904,0
1,0,0,0,1,0,0,0,0,0,0,0,0,1,0,0,0,0,0,0,0,0,1,0.368421052631579,0.101010101010101,0.0313838696121505,0
1,0,0,0,0,1,0,0,0,0,0,1,0,0,0,0,0,1,0,0,0,0,0,0.368421052631579,0.151515151515152,0.047731425892948,0
1,0,0,0,0,0,0,1,0,0,0,1,0,0,0,0,0,0,0,0,0,0,1,0.368421052631579,0.0808080808080808,0.0319083795552801,0
0,1,1,0,0,0,0,0,0,0,0,1,0,0,0,0,1,0,0,0,0,0,0,0.368421052631579,0.0606060606060606,0.0109275351127786,0
0,1,1,0,0,0,0,0,0,0,0,1,0,0,0,0,0,0,0,0,0,0,1,0.368421052631579,0.141414141414141,0.0316461245837153,0
0,1,0,1,0,0,0,0,0,0,0,1,0,0,0,0,0,0,0,1,0,0,0,0.368421052631579,0.0404040404040404,0.0243028258380018,0.5
0,1,0,1,0,0,0,0,0,0,0,0,1,0,0,0,0,1,0,0,0,0,0,0.368421052631579,0.0101010101010101,0.0158230463376679,0
0,1,0,1,0,0,0,0,0,0,0,0,0,1,0,0,0,0,0,1,0,0,0,0.368421052631579,0.151515151515152,0.0134627196852047,0
0,1,0,0,1,0,0,0,0,0,0,0,1,0,0,0,0,1,0,0,0,0,0,0.368421052631579,0.141414141414141,0.0319083795552801,0
0,1,0,0,1,0,0,0,0,0,0,0,0,1,0,0,0,0,0,0,1,0,0,0.368421052631579,0.121212121212121,0.0124136678905657,0
0,1,0,0,1,0,0,0,0,0,0,0,0,0,1,0,0,1,0,0,0,0,0,0.368421052631579,0.131313131313131,0.0158230463376679,0
0,1,0,0,0,1,0,0,0,1,0,0,0,0,0,0,0,1,0,0,0,0,0,0.368421052631579,0.171717171717172,0.0319083795552801,0
0,1,0,0,0,1,0,0,0,1,0,0,0,0,0,0,0,0,1,0,0,0,0,0.368421052631579,0.404040404040404,0.0295480209944374,0
0,1,0,0,0,1,0,0,0,0,0,1,0,0,0,0,0,0,0,1,0,0,0,0.368421052631579,0.0606060606060606,0.0158230463376679,0
0,1,0,0,0,1,0,0,0,0,0,1,0,0,0,0,0,0,0,0,1,0,0,0.368421052631579,0.141414141414141,0.0159104752976493,0
0,1,0,0,0,1,0,0,0,0,0,0,1,0,0,0,0,0,0,0,1,0,0,0.368421052631579,0.0202020202020202,0.0298103078743818,0
0,1,0,0,0,1,0,0,0,0,0,0,1,0,0,0,0,0,0,0,0,0,1,0.368421052631579,0.111111111111111,0.0930150961734514,0
0,1,0,0,0,1,0,0,0,0,0,0,0,0,1,0,0,0,0,0,0,0,1,0.368421052631579,0.0303030303030303,0.142057860740983,0
0,1,0,0,0,1,0,0,0,0,0,0,0,0,1,0,0,1,0,0,0,0,0,0.368421052631579,0.101010101010101,0.0132004647136398,0
0,1,0,0,0,0,0,1,0,0,0,1,0,0,0,0,0,0,0,0,0,0,1,0.368421052631579,0.0404040404040404,0.0635545041389955,0
0,1,0,0,0,0,0,1,0,0,0,0,1,0,0,0,0,0,1,0,0,0,0,0.368421052631579,0.141414141414141,0.0121514129190009,0
0,1,0,0,0,0,0,1,0,0,0,0,1,0,0,0,0,0,1,0,0,0,0,0.368421052631579,0.202020202020202,0.0319083795552801,0
0,1,0,0,0,0,0,1,0,0,0,0,0,1,0,0,0,0,0,1,0,0,0,0.368421052631579,0.0303030303030303,0.0294606239428355,0
0,1,0,0,0,0,0,1,0,0,0,0,0,1,0,0,1,0,0,0,0,0,0,0.368421052631579,0.151515151515152,0.0346184220476692,0
0,1,0,0,0,0,0,0,1,0,0,1,0,0,0,0,0,0,0,0,0,0,1,0.368421052631579,0.252525252525253,0.0158230463376679,0
1,0,0,0,1,0,0,0,0,0,0,0,0,0,1,0,0,0,0,0,0,0,1,0.381578947368421,0.0909090909090909,0.0235160290149277,0
1,0,0,0,0,1,0,0,0,0,0,1,0,0,0,0,0,0,0,0,0,0,1,0.381578947368421,0.0505050505050505,0.0638167591105603,0
1,0,0,0,0,0,0,1,0,0,0,1,0,0,0,0,0,0,0,0,0,0,1,0.381578947368421,0.0606060606060606,0.0319083795552801,0
0,1,1,0,0,0,0,0,0,0,0,1,0,0,0,0,0,1,0,0,0,0,0,0.381578947368421,0.0606060606060606,0.0274499493135391,0
0,1,1,0,0,0,0,0,0,0,0,0,1,0,0,0,0,0,0,0,1,0,0,0.381578947368421,0.0505050505050505,0.0319083795552801,0
0,1,1,0,0,0,0,0,0,0,0,0,1,0,0,0,0,0,0,0,0,1,0,0.381578947368421,0.111111111111111,0.0135501486451862,0
0,1,1,0,0,0,0,0,0,0,0,0,1,0,0,0,0,0,0,0,0,1,0,0.381578947368421,0.161616161616162,0.0530640819177447,0
0,1,0,1,0,0,0,0,0,1,0,0,0,0,0,0,1,0,0,0,0,0,0,0.381578947368421,0.0404040404040404,0.02473990682115,0
0,1,0,1,0,0,0,0,0,0,0,1,0,0,0,0,0,0,0,1,0,0,0,0.381578947368421,0.111111111111111,0.00288486850397243,0
0,1,0,1,0,0,0,0,0,0,0,0,0,1,0,0,0,0,0,0,0,0,1,0.381578947368421,0.181818181818182,0.124661220757167,0
0,1,0,0,1,0,0,0,0,0,0,1,0,0,0,0,0,0,1,0,0,0,0,0.381578947368421,0.121212121212121,0.0225544061802702,0
0,1,0,0,1,0,0,0,0,0,0,1,0,0,0,0,1,0,0,0,0,0,0,0.381578947368421,0.131313131313131,0.0250021937010944,0
0,1,0,0,1,0,0,0,0,0,0,1,0,0,0,0,0,0,1,0,0,0,0,0.381578947368421,0.252525252525253,0.0403007300956326,0
0,1,0,0,0,1,0,0,0,0,0,1,0,0,0,0,0,0,0,0,0,1,0,0.381578947368421,0.0606060606060606,0.0628551362759028,0
0,1,0,0,0,1,0,0,0,0,0,1,0,0,0,0,0,0,0,0,0,0,1,0.381578947368421,0.181818181818182,0.141271063917909,0
0,1,0,0,0,1,0,0,0,0,0,0,1,0,0,0,0,0,0,1,0,0,0,0.381578947368421,0.0909090909090909,0.0619809424012268,0
0,1,0,0,0,1,0,0,0,0,0,0,0,1,0,0,1,0,0,0,0,0,0,0.381578947368421,0.0707070707070707,0.0313838696121505,0
0,1,0,0,0,1,0,0,0,0,0,0,0,1,0,0,0,0,0,0,0,0,1,0.381578947368421,0.272727272727273,0.0232537740433629,0
0,1,0,0,0,0,1,0,0,0,0,1,0,0,0,0,0,0,0,0,0,0,1,0.381578947368421,0.171717171717172,0.0319083795552801,0
0,1,0,0,0,0,1,0,0,0,0,0,1,0,0,0,1,0,0,0,0,0,0,0.381578947368421,0.141414141414141,0.0314712666637524,0
0,1,0,0,0,0,1,0,0,0,0,0,0,0,1,0,1,0,0,0,0,0,0,0.381578947368421,0.141414141414141,0.00174841965773158,0
0,1,0,0,0,0,0,1,0,0,0,1,0,0,0,0,0,0,0,0,0,0,1,0.381578947368421,0.181818181818182,0.030422246777493,0
0,1,0,0,0,0,0,1,0,0,0,0,0,1,0,0,0,0,0,0,0,0,1,0.381578947368421,0.161616161616162,0.0638167591105603,0
0,1,0,0,0,0,0,0,1,1,0,0,0,0,0,0,0,0,0,0,0,0,1,0.381578947368421,0.535353535353535,0.0159104752976493,0
1,0,0,0,1,0,0,0,0,0,0,0,1,0,0,0,0,0,0,0,0,0,1,0.394736842105263,0.0303030303030303,0.0315586956237338,0
1,0,0,0,1,0,0,0,0,0,0,0,0,1,0,0,0,0,0,0,0,0,1,0.394736842105263,0.131313131313131,0.0307719307090393,0
1,0,0,0,0,1,0,0,0,0,1,0,0,0,0,0,0,0,1,0,0,0,0,0.394736842105263,0.171717171717172,0.0159104752976493,0
1,0,0,0,0,0,0,0,1,0,0,1,0,0,0,0,0,0,1,0,0,0,0,0.394736842105263,0.0606060606060606,0.0159104752976493,0
0,1,1,0,0,0,0,0,0,0,0,0,0,1,0,0,1,0,0,0,0,0,0,0.394736842105263,0.141414141414141,0.00113644884624086,0
0,1,0,1,0,0,0,0,0,0,0,1,0,0,0,0,0,0,0,1,0,0,0,0.394736842105263,0.171717171717172,0.0160853332176123,0
0,1,0,1,0,0,0,0,0,0,0,0,0,1,0,0,0,1,0,0,0,0,0,0.394736842105263,0.151515151515152,0.0222047222487239,0
0,1,0,1,0,0,0,0,0,0,0,0,0,1,0,0,0,0,0,0,0,1,0,0.394736842105263,0.191919191919192,0.0159104752976493,0
0,1,0,0,1,0,0,0,0,0,0,1,0,0,0,0,0,0,0,0,0,0,1,0.394736842105263,0.0505050505050505,0.0501792134137722,0
0,1,0,0,1,0,0,0,0,0,0,1,0,0,0,0,0,1,0,0,0,0,0,0.394736842105263,0.131313131313131,0.00926654441502846,0
0,1,0,0,1,0,0,0,0,0,0,1,0,0,0,0,1,0,0,0,0,0,0,0.394736842105263,0.171717171717172,0.0506162943969205,0
0,1,0,0,1,0,0,0,0,0,0,0,1,0,0,0,0,0,0,1,0,0,0,0.394736842105263,0.161616161616162,0.0798146633681911,0
0,1,0,0,1,0,0,0,0,0,0,0,0,0,1,0,1,0,0,0,0,0,0,0.394736842105263,0.111111111111111,0.0199318245562422,0
0,1,0,0,0,1,0,0,0,0,0,1,0,0,0,0,0,0,0,0,0,0,1,0.394736842105263,0.191919191919192,0.0233412030033443,0
0,1,0,0,0,1,0,0,0,0,0,0,1,0,0,0,0,0,0,0,0,0,1,0.394736842105263,0.0505050505050505,0.253168964761343,0
0,1,0,0,0,1,0,0,0,0,0,0,1,0,0,0,0,0,0,0,0,0,1,0.394736842105263,0.151515151515152,0.153859589728437,0
0,1,0,0,0,0,0,1,0,0,1,0,0,0,0,0,0,0,0,0,0,0,1,0.394736842105263,0.474747474747475,0.0319083795552801,0
0,1,0,0,0,0,0,1,0,0,0,0,1,0,0,0,0,0,0,1,0,0,0,0.394736842105263,0.191919191919192,0.0319083795552801,0
0,1,0,0,0,0,0,1,0,0,0,0,1,0,0,0,0,1,0,0,0,0,0,0.394736842105263,0.242424242424242,0.0159104752976493,0
1,0,1,0,0,0,0,0,0,0,0,1,0,0,0,0,0,0,0,0,1,0,0,0.407894736842105,0.0505050505050505,0.0288486850397243,0
1,0,1,0,0,0,0,0,0,0,0,1,0,0,0,0,0,1,0,0,0,0,0,0.407894736842105,0.151515151515152,0.0295480209944374,0
1,0,0,1,0,0,0,0,0,0,0,0,0,0,1,0,0,0,0,0,0,0,1,0.407894736842105,0.0404040404040404,0.0173966080754365,0
1,0,0,0,1,0,0,0,0,0,0,1,0,0,0,0,0,1,0,0,0,0,0,0.407894736842105,0.0202020202020202,0.00498294018487077,0
1,0,0,0,1,0,0,0,0,0,0,0,0,0,1,0,0,0,0,0,0,0,1,0.407894736842105,0.0606060606060606,0.0319083795552801,0
1,0,0,0,0,1,0,0,0,0,0,1,0,0,0,0,0,1,0,0,0,0,0,0.407894736842105,0.101010101010101,0.0159104752976493,0
1,0,0,0,0,1,0,0,0,0,0,1,0,0,0,0,0,0,0,0,0,0,1,0.407894736842105,0.131313131313131,0.0319083795552801,0
1,0,0,0,0,1,0,0,0,0,0,0,0,0,1,0,0,0,0,0,0,0,1,0.407894736842105,0.0606060606060606,0.0145991685314455,0
0,1,1,0,0,0,0,0,0,0,0,1,0,0,0,0,0,0,1,0,0,0,0,0.407894736842105,0.0606060606060606,0.0326951763783543,0
0,1,1,0,0,0,0,0,0,0,0,1,0,0,0,0,0,0,0,0,0,0,1,0.407894736842105,0.131313131313131,0.0319083795552801,0
0,1,1,0,0,0,0,0,0,0,0,0,0,1,0,0,0,0,0,0,0,0,1,0.407894736842105,0.121212121212121,0.0545502146955318,0
0,1,0,1,0,0,0,0,0,1,0,0,0,0,0,0,0,0,0,1,0,0,0,0.407894736842105,0.292929292929293,0.0132878617652418,0
0,1,0,1,0,0,0,0,0,0,0,1,0,0,0,0,0,0,0,0,0,1,0,0.407894736842105,0.171717171717172,0.0319083795552801,0
0,1,0,1,0,0,0,0,0,0,0,0,1,0,0,0,0,0,0,1,0,0,0,0.407894736842105,0.0606060606060606,0.022117325197122,0
0,1,0,1,0,0,0,0,0,0,0,0,0,0,1,0,0,0,0,0,0,0,1,0.407894736842105,0.0202020202020202,0.0141620875482973,0
0,1,0,1,0,0,0,0,0,0,0,0,0,0,1,0,0,1,0,0,0,0,0,0.407894736842105,0.131313131313131,0.0319083795552801,0
0,1,0,0,0,1,0,0,0,1,0,0,0,0,0,0,1,0,0,0,0,0,0,0.407894736842105,0.373737373737374,0.0140746585883159,0
0,1,0,0,0,1,0,0,0,0,1,0,0,0,0,0,0,0,1,0,0,0,0,0.407894736842105,0.161616161616162,0.0306845017490578,0
0,1,0,0,0,1,0,0,0,0,0,0,0,1,0,0,0,1,0,0,0,0,0,0.407894736842105,0.0101010101010101,0.0421365468049661,0
0,1,0,0,0,1,0,0,0,0,0,0,0,1,0,0,0,1,0,0,0,0,0,0.407894736842105,0.0303030303030303,0.0472069159498183,0
0,1,0,0,0,1,0,0,0,0,0,0,0,1,0,0,0,0,0,0,1,0,0,0.407894736842105,0.101010101010101,0.0316461245837153,0
0,1,0,0,0,1,0,0,0,0,0,0,0,1,0,0,0,1,0,0,0,0,0,0.407894736842105,0.121212121212121,0.107526867653295,0
0,1,0,0,0,1,0,0,0,0,0,0,0,1,0,0,0,0,1,0,0,0,0,0.407894736842105,0.121212121212121,0.0345309930876877,0
0,1,0,0,0,0,1,0,0,1,0,0,0,0,0,0,0,1,0,0,0,0,0,0.407894736842105,0.252525252525253,0.0319083795552801,0
0,1,0,0,0,0,1,0,0,0,0,1,0,0,0,0,0,0,0,1,0,0,0,0.407894736842105,0.0707070707070707,0.00708104377414866,0
0,1,0,0,0,0,1,0,0,0,0,0,1,0,0,0,0,0,0,0,0,0,1,0.407894736842105,0,0.00620684989947265,0
0,1,0,0,0,0,0,1,0,0,0,0,0,1,0,0,0,1,0,0,0,0,0,0.407894736842105,0.181818181818182,0.0158230463376679,0
0,1,0,0,0,0,0,1,0,0,0,0,0,0,1,0,0,1,0,0,0,0,0,0.407894736842105,0.111111111111111,0.00603199197950972,0
0,1,1,0,0,0,0,0,0,0,0,1,0,0,0,0,1,0,0,0,0,0,0,0.421052631578947,0.121212121212121,0.0149488524629919,0
0,1,0,1,0,0,0,0,0,1,0,0,0,0,0,0,0,1,0,0,0,0,0,0.421052631578947,0.141414141414141,0.0314712666637524,0
0,1,0,1,0,0,0,0,0,0,0,1,0,0,0,0,0,0,0,1,0,0,0,0.421052631578947,0.0303030303030303,0.0256141326042056,0
0,1,0,1,0,0,0,0,0,0,0,0,0,1,0,0,0,1,0,0,0,0,0,0.421052631578947,0.131313131313131,0.0278870622050669,0
0,1,0,0,1,0,0,0,0,0,1,0,0,0,0,0,1,0,0,0,0,0,0,0.421052631578947,0.282828282828283,0.0319083795552801,0
0,1,0,0,1,0,0,0,0,0,0,0,0,1,0,0,0,1,0,0,0,0,0,0.421052631578947,0.161616161616162,0.0160853332176123,0
0,1,0,0,1,0,0,0,0,0,0,0,0,0,1,0,0,0,0,0,0,0,1,0.421052631578947,0.191919191919192,0.0309467567206227,0
0,1,0,0,0,1,0,0,0,0,0,1,0,0,0,0,0,0,0,0,0,0,1,0.421052631578947,0.272727272727273,0.0305096438290949,0
0,1,0,0,0,1,0,0,0,0,0,0,0,1,0,0,1,0,0,0,0,0,0,0.421052631578947,0.0505050505050505,0.0226418351402517,0
0,1,0,0,0,1,0,0,0,0,0,0,0,0,1,0,1,0,0,0,0,0,0,0.421052631578947,0.0303030303030303,0.0106652801412137,0
0,1,0,0,0,0,1,0,0,0,0,1,0,0,0,0,0,0,1,0,0,0,0,0.421052631578947,0.252525252525253,0.0159979042576308,0
0,1,0,0,0,0,0,1,0,0,0,0,1,0,0,0,0,0,0,0,0,1,0,0.421052631578947,0.0606060606060606,0.023865712946474,0
0,1,0,0,0,0,0,1,0,0,0,0,0,1,0,0,1,0,0,0,0,0,0,0.421052631578947,0.131313131313131,0.00069936786309263,0
1,0,0,1,0,0,0,0,0,1,0,0,0,0,0,0,1,0,0,0,0,0,0,0.434210526315789,0.121212121212121,0.0187079148416403,0
0,1,0,1,0,0,0,0,0,1,0,0,0,0,0,0,0,0,0,0,0,0,1,0.434210526315789,0.161616161616162,0.0319083795552801,0
0,1,0,1,0,0,0,0,0,0,1,0,0,0,0,0,0,0,0,0,0,0,1,0.434210526315789,0.191919191919192,0.0319083795552801,0
0,1,0,1,0,0,0,0,0,0,0,0,0,0,1,0,1,0,0,0,0,0,0,0.434210526315789,0.0606060606060606,0.0319083795552801,0
0,1,0,0,1,0,0,0,0,1,0,0,0,0,0,0,0,1,0,0,0,0,0,0.434210526315789,0.262626262626263,0.00743072770569498,0
0,1,0,0,1,0,0,0,0,1,0,0,0,0,0,0,1,0,0,0,0,0,0,0.434210526315789,0.444444444444444,0.0277996332450854,0
0,1,0,0,1,0,0,0,0,0,1,0,0,0,0,0,1,0,0,0,0,0,0,0.434210526315789,0.151515151515152,0.0229040901118165,0
0,1,0,0,1,0,0,0,0,0,0,1,0,0,0,0,0,0,1,0,0,0,0,0.434210526315789,0.0101010101010101,0.0335693702530303,0
0,1,0,0,1,0,0,0,0,0,0,0,1,0,0,0,0,0,0,0,1,0,0,0.434210526315789,0.141414141414141,0.031296440652169,0
0,1,0,0,1,0,0,0,0,0,0,0,0,0,1,0,0,0,1,0,0,0,0,0.434210526315789,0.101010101010101,0.00314712347553728,0
0,1,0,0,0,1,0,0,0,1,0,0,0,0,0,0,0,0,0,0,0,0,1,0.434210526315789,0.131313131313131,0.0499169584422074,0
0,1,0,0,0,1,0,0,0,0,1,0,0,0,0,0,0,0,0,0,0,0,1,0.434210526315789,0.0303030303030303,0.0262260715073168,0
0,1,0,0,0,1,0,0,0,0,1,0,0,0,0,0,0,0,1,0,0,0,0,0.434210526315789,0.151515151515152,0.0307719307090393,0
0,1,0,0,0,1,0,0,0,0,0,1,0,0,0,0,0,0,0,0,0,1,0,0.434210526315789,0.171717171717172,0.0158230463376679,0
0,1,0,0,0,1,0,0,0,0,0,0,0,1,0,0,0,0,0,0,0,0,1,0.434210526315789,0.0404040404040404,0.167322309413642,0
0,1,0,0,0,1,0,0,0,0,0,0,0,1,0,0,0,0,0,0,1,0,0,0.434210526315789,0.121212121212121,0.0142494845998992,0
0,1,0,0,0,1,0,0,0,0,0,0,0,1,0,0,1,0,0,0,0,0,0,0.434210526315789,0.131313131313131,0.0719468546793479,0
0,1,0,0,0,0,1,0,0,0,0,1,0,0,0,0,1,0,0,0,0,0,0,0.434210526315789,0,0.0145991685314455,0
0,1,0,0,0,0,0,1,0,0,0,1,0,0,0,0,0,1,0,0,0,0,0,0.434210526315789,0.0505050505050505,0.0106652801412137,0
0,1,0,0,0,0,0,1,0,0,0,1,0,0,0,0,0,1,0,0,0,0,0,0.434210526315789,0.0707070707070707,0.0158230463376679,0
1,0,0,0,0,1,0,0,0,0,0,1,0,0,0,0,0,0,0,0,0,0,1,0.447368421052632,0.0303030303030303,0.0729084775140054,0
1,0,0,0,0,1,0,0,0,0,0,0,1,0,0,0,1,0,0,0,0,0,0,0.447368421052632,0.0202020202020202,0.0140746585883159,0
1,0,0,0,0,1,0,0,0,0,0,0,0,1,0,0,0,0,0,0,0,0,1,0.447368421052632,0.151515151515152,0.0160853332176123,0
0,1,1,0,0,0,0,0,0,0,0,1,0,0,0,0,0,0,1,0,0,0,0,0.447368421052632,0.151515151515152,0.0456333542120497,0
0,1,0,1,0,0,0,0,0,0,0,1,0,0,0,0,0,0,0,0,0,1,0,0.447368421052632,0.0303030303030303,0.0239531419064555,0
0,1,0,1,0,0,0,0,0,0,0,1,0,0,0,0,0,0,0,0,0,1,0,0.447368421052632,0.0606060606060606,0.0319083795552801,0
0,1,0,1,0,0,0,0,0,0,0,0,1,0,0,0,0,0,0,0,0,0,1,0.447368421052632,0.222222222222222,0.0292857660228726,0
0,1,0,0,1,0,0,0,0,0,0,1,0,0,0,0,0,0,0,0,1,0,0,0.447368421052632,0.161616161616162,0.0158230463376679,0
0,1,0,0,1,0,0,0,0,0,0,1,0,0,0,0,0,0,0,0,1,0,0,0.447368421052632,0.171717171717172,0.0160853332176123,0
0,1,0,0,1,0,0,0,0,0,0,0,1,0,0,0,0,0,0,0,0,0,1,0.447368421052632,0.131313131313131,0.0159104752976493,0
0,1,0,0,1,0,0,0,0,0,0,0,0,1,0,0,1,0,0,0,0,0,0,0.447368421052632,0.131313131313131,0.026663152490465,0
0,1,0,0,0,1,0,0,0,1,0,0,0,0,0,0,0,0,0,0,0,0,1,0.447368421052632,0.0202020202020202,0.0356674419339286,0
0,1,0,0,0,1,0,0,0,1,0,0,0,0,0,0,0,0,0,0,0,0,1,0.447368421052632,0.373737373737374,0.0152111074345567,0
0,1,0,0,0,1,0,0,0,1,0,0,0,0,0,0,0,1,0,0,0,0,0,0.447368421052632,0.444444444444444,0.0133752907252232,0
0,1,0,0,0,1,0,0,0,0,0,1,0,0,0,0,0,0,1,0,0,0,0,0.447368421052632,0.0404040404040404,0.0254392746842427,0
0,1,0,0,0,1,0,0,0,0,0,0,1,0,0,0,0,0,0,0,0,0,1,0.447368421052632,0.202020202020202,0.0319083795552801,0
0,1,0,0,0,1,0,0,0,0,0,0,0,1,0,0,0,0,0,0,0,0,1,0.447368421052632,0.161616161616162,0.531689647613429,0
0,1,0,0,0,1,0,0,0,0,0,0,0,1,0,0,0,0,0,0,0,0,1,0.447368421052632,0.343434343434343,0.0319083795552801,0
0,1,0,0,0,1,0,0,0,0,0,0,0,0,1,0,0,0,0,0,0,0,1,0.447368421052632,0,0.0327825734299562,0
0,1,0,0,0,1,0,0,0,0,0,0,0,0,1,0,0,0,1,0,0,0,0,0.447368421052632,0.101010101010101,0.0101407382897045,0
0,1,0,0,0,0,0,1,0,0,0,0,1,0,0,0,0,0,0,0,0,0,1,0.447368421052632,0.0101010101010101,0.0307719307090393,0
1,0,0,0,1,0,0,0,0,1,0,0,0,0,0,0,1,0,0,0,0,0,0,0.460526315789474,0.171717171717172,0.0305970727890764,0
1,0,0,0,0,1,0,0,0,0,1,0,0,0,0,0,0,0,0,1,0,0,0,0.460526315789474,0.171717171717172,0.0279744592566688,0
1,0,0,0,0,1,0,0,0,0,0,0,0,1,0,0,0,0,0,0,1,0,0,0.460526315789474,0.181818181818182,0.0306845017490578,0
0,1,1,0,0,0,0,0,0,1,0,0,0,0,0,0,0,0,0,0,0,0,1,0.460526315789474,0.161616161616162,0.0246525097695481,0
0,1,1,0,0,0,0,0,0,0,0,0,0,1,0,0,0,1,0,0,0,0,0,0.460526315789474,0.131313131313131,0.0136375456967881,0
0,1,0,1,0,0,0,0,0,1,0,0,0,0,0,0,0,1,0,0,0,0,0,0.460526315789474,0.141414141414141,0.0319083795552801,0
0,1,0,1,0,0,0,0,0,1,0,0,0,0,0,0,1,0,0,0,0,0,0,0.460526315789474,0.434343434343434,0.0319083795552801,0
0,1,0,1,0,0,0,0,0,0,1,0,0,0,0,0,0,0,0,0,0,0,1,0.460526315789474,0.141414141414141,0.0130256067936769,0
0,1,0,1,0,0,0,0,0,0,0,1,0,0,0,0,1,0,0,0,0,0,0,0.460526315789474,0.131313131313131,0.0750939781548852,0
0,1,0,1,0,0,0,0,0,0,0,0,1,0,0,0,0,0,0,0,0,0,1,0.460526315789474,0.191919191919192,0.0319083795552801,0
0,1,0,0,0,1,0,0,0,0,1,0,0,0,0,0,1,0,0,0,0,0,0,0.460526315789474,0.373737373737374,0.0298977049259837,0
0,1,0,0,0,1,0,0,0,0,0,1,0,0,0,0,0,0,0,0,0,1,0,0.460526315789474,0.181818181818182,0.00227292960086127,0
0,1,0,0,0,1,0,0,0,0,0,0,1,0,0,0,0,0,0,0,0,0,1,0.460526315789474,0.141414141414141,0.0639041880705418,0
0,1,0,0,0,0,0,1,0,0,0,1,0,0,0,0,0,1,0,0,0,0,0,0.460526315789474,0.151515151515152,0.0160853332176123,0
0,1,0,0,0,0,0,1,0,0,0,0,0,1,0,0,0,0,1,0,0,0,0,0.460526315789474,0.161616161616162,0.0158230463376679,0
1,0,1,0,0,0,0,0,0,0,0,0,0,1,0,0,0,0,0,0,0,1,0,0.473684210526316,0.151515151515152,0.0160853332176123,0
1,0,0,0,1,0,0,0,0,0,0,1,0,0,0,0,0,1,0,0,0,0,0,0.473684210526316,0.161616161616162,0.0638167591105603,0
0,1,0,1,0,0,0,0,0,1,0,0,0,0,0,0,0,0,0,1,0,0,0,0.473684210526316,0.0707070707070707,0.0159104752976493,0
0,1,0,0,0,1,0,0,0,0,1,0,0,0,0,0,0,0,0,0,0,1,0,0.473684210526316,0.101010101010101,0.0316461245837153,0
0,1,0,0,0,1,0,0,0,0,0,1,0,0,0,0,1,0,0,0,0,0,0,0.473684210526316,0.141414141414141,0.117842463862962,0
0,1,0,0,0,1,0,0,0,0,0,0,0,1,0,0,0,0,0,1,0,0,0,0.473684210526316,0.191919191919192,0.0159104752976493,0
0,1,0,0,0,1,0,0,0,0,0,0,0,0,1,0,0,0,0,0,0,0,1,0.473684210526316,0.0303030303030303,0.0741323553202277,0
0,1,0,0,0,1,0,0,0,0,0,0,0,0,1,0,0,0,0,0,1,0,0,0.473684210526316,0.101010101010101,0.0108401061527971,0
0,1,0,0,0,0,1,0,0,0,0,0,0,0,1,0,0,0,0,0,0,0,1,0.473684210526316,0.141414141414141,0.0319958085152616,0
0,1,0,0,0,0,0,1,0,0,0,0,0,0,1,0,0,0,0,0,0,0,1,0.473684210526316,0.0808080808080808,0.030422246777493,0
1,0,0,0,0,1,0,0,0,0,0,1,0,0,0,0,0,0,0,1,0,0,0,0.486842105263158,0.0606060606060606,0.00725586978573204,0
1,0,0,0,0,1,0,0,0,0,0,1,0,0,0,0,0,1,0,0,0,0,0,0.486842105263158,0.0808080808080808,0.00262261353240759,0
0,1,1,0,0,0,0,0,0,0,1,0,0,0,0,0,1,0,0,0,0,0,0,0.486842105263158,0.0101010101010101,0.0159104752976493,0
0,1,1,0,0,0,0,0,0,0,1,0,0,0,0,0,0,1,0,0,0,0,0,0.486842105263158,0.161616161616162,0.0297228789144003,0
0,1,1,0,0,0,0,0,0,0,1,0,0,0,0,0,0,0,1,0,0,0,0,0.486842105263158,0.292929292929293,0.00585716596792634,0
0,1,1,0,0,0,0,0,0,0,0,1,0,0,0,0,0,1,0,0,0,0,0,0.486842105263158,0.121212121212121,0.000262254971564848,0
0,1,1,0,0,0,0,0,0,0,0,0,1,0,0,0,0,0,1,0,0,0,0,0.486842105263158,0.0303030303030303,0.0319083795552801,0
0,1,1,0,0,0,0,0,0,0,0,0,0,1,0,0,0,0,0,0,0,0,1,0.486842105263158,0.151515151515152,0.0323454924468079,0
0,1,0,1,0,0,0,0,0,0,0,0,1,0,0,0,0,0,0,0,1,0,0,0.486842105263158,0.0505050505050505,0.0117143000274731,0
0,1,0,0,1,0,0,0,0,0,0,0,0,0,1,0,0,0,0,0,0,0,1,0.486842105263158,0.121212121212121,0.0306845017490578,0
0,1,0,0,0,1,0,0,0,0,1,0,0,0,0,0,0,0,0,0,0,0,1,0.486842105263158,0.121212121212121,0.038727168357864,0
0,1,0,0,0,1,0,0,0,0,0,1,0,0,0,0,0,0,0,0,0,0,1,0.486842105263158,0.121212121212121,0.0159104752976493,0
0,1,0,0,0,1,0,0,0,0,0,0,0,0,1,0,0,0,0,0,0,0,1,0.486842105263158,0,0.0258763875757704,0
0,1,0,0,0,0,1,0,0,0,0,0,0,0,1,0,0,0,0,0,0,0,1,0.486842105263158,0.101010101010101,0.0294606239428355,0
1,0,0,0,1,0,0,0,0,0,0,1,0,0,0,0,0,0,1,0,0,0,0,0.5,0.0202020202020202,0.00454585920172254,0
0,1,1,0,0,0,0,0,0,0,0,1,0,0,0,0,0,1,0,0,0,0,0,0.5,0,0.0241279679180389,0
0,1,0,1,0,0,0,0,0,0,0,1,0,0,0,0,0,0,0,1,0,0,0,0.5,0.151515151515152,0.0464201510351238,0
0,1,0,1,0,0,0,0,0,0,0,1,0,0,0,0,0,0,0,0,0,0,1,0.5,0.171717171717172,0.0307719307090393,0
0,1,0,1,0,0,0,0,0,0,0,0,1,0,0,0,0,0,0,0,0,1,0,0.5,0.191919191919192,0.0159104752976493,0
0,1,0,1,0,0,0,0,0,0,0,0,0,0,1,0,0,0,0,0,1,0,0,0.5,0.181818181818182,0.0159104752976493,0
0,1,0,0,1,0,0,0,0,0,0,1,0,0,0,0,0,0,0,0,0,0,1,0.5,0.0404040404040404,0.128420315044195,0
0,1,0,0,1,0,0,0,0,0,0,1,0,0,0,0,0,0,0,1,0,0,0,0.5,0.0606060606060606,0.0158230463376679,0
0,1,0,0,1,0,0,0,0,0,0,0,1,0,0,0,0,0,0,0,0,1,0,0.5,0.0808080808080808,0.0269254393704094,0
0,1,0,0,1,0,0,0,0,0,0,0,0,1,0,0,1,0,0,0,0,0,0,0.5,0.222222222222222,0.0199318245562422,0
0,1,0,0,0,1,0,0,0,1,0,0,0,0,0,0,0,1,0,0,0,0,0,0.5,0.141414141414141,0.0319083795552801,0
0,1,0,0,0,1,0,0,0,0,0,1,0,0,0,0,1,0,0,0,0,0,0,0.5,0.151515151515152,0.0298977049259837,0
0,1,0,0,0,1,0,0,0,0,0,0,1,0,0,0,0,0,1,0,0,0,0,0.5,0.171717171717172,0.0159104752976493,0
0,1,0,0,0,1,0,0,0,0,0,0,0,1,0,0,0,0,0,1,0,0,0,0.5,0.0404040404040404,0.0158230463376679,0
0,1,0,0,0,1,0,0,0,0,0,0,0,1,0,0,1,0,0,0,0,0,0,0.5,0.171717171717172,0.0566482863764302,0
0,1,0,0,0,1,0,0,0,0,0,0,0,0,1,0,0,0,0,0,1,0,0,0.5,0.101010101010101,0.00944137042661184,0
0,1,0,0,0,0,1,0,0,0,0,1,0,0,0,0,0,0,1,0,0,0,0,0.5,0.131313131313131,0.0150362814229733,0
1,0,0,1,0,0,0,0,0,0,0,1,0,0,0,0,0,0,0,0,0,0,1,0.513157894736842,0.0606060606060606,0.00778041163724129,0
1,0,0,0,0,1,0,0,0,0,0,0,1,0,0,0,0,1,0,0,0,0,0,0.513157894736842,0.0101010101010101,0.0285863981597799,0
0,1,0,1,0,0,0,0,0,0,0,1,0,0,0,0,0,1,0,0,0,0,0,0.513157894736842,0.0303030303030303,0.0797272344082096,0
0,1,0,1,0,0,0,0,0,0,0,1,0,0,0,0,0,0,0,0,0,0,1,0.513157894736842,0.151515151515152,0.0504414683853371,0
0,1,0,1,0,0,0,0,0,0,0,1,0,0,0,0,0,0,1,0,0,0,0,0.513157894736842,0.161616161616162,0.0152111074345567,0
0,1,0,1,0,0,0,0,0,0,0,0,0,0,1,0,0,0,0,0,1,0,0,0.513157894736842,0.131313131313131,0.0160853332176123,0
0,1,0,0,0,1,0,0,0,1,0,0,0,0,0,0,1,0,0,0,0,0,0,0.513157894736842,0.0707070707070707,0.0159104752976493,0
0,1,0,0,0,1,0,0,0,0,0,1,0,0,0,0,0,0,0,0,0,0,1,0.513157894736842,0.181818181818182,0.247748911684944,0
0,1,0,0,0,1,0,0,0,0,0,1,0,0,0,0,0,0,0,0,1,0,0,0.513157894736842,0.272727272727273,0.0159104752976493,0
0,1,0,0,0,1,0,0,0,0,0,0,1,0,0,0,0,1,0,0,0,0,0,0.513157894736842,0.171717171717172,0.0319083795552801,0
0,1,0,0,0,1,0,0,0,0,0,0,0,1,0,0,1,0,0,0,0,0,0,0.513157894736842,0.121212121212121,0.047906283812911,0
0,1,0,0,0,0,0,1,0,0,0,0,0,1,0,0,0,1,0,0,0,0,0,0.513157894736842,0.171717171717172,0.0319083795552801,0
1,0,0,0,0,1,0,0,0,0,1,0,0,0,0,0,0,0,0,0,0,0,1,0.526315789473684,0.0707070707070707,0.00935397337500993,0
0,1,1,0,0,0,0,0,0,0,0,1,0,0,0,0,1,0,0,0,0,0,0,0.526315789473684,0.101010101010101,0.0154733943145011,0
0,1,1,0,0,0,0,0,0,0,0,1,0,0,0,0,0,0,0,0,0,1,0,0.526315789473684,0.151515151515152,0.0319083795552801,0
0,1,0,1,0,0,0,0,0,0,0,1,0,0,0,0,1,0,0,0,0,0,0,0.526315789473684,0.111111111111111,0.00279743954399097,0
0,1,0,1,0,0,0,0,0,0,0,0,1,0,0,0,0,1,0,0,0,0,0,0.526315789473684,0.151515151515152,0.00804266660880614,0
0,1,0,0,1,0,0,0,0,0,0,1,0,0,0,0,1,0,0,0,0,0,0,0.526315789473684,0.0303030303030303,0.0319083795552801,0
0,1,0,0,0,1,0,0,0,1,0,0,0,0,0,0,0,0,0,0,0,0,1,0.526315789473684,0.303030303030303,0.0159104752976493,0
0,1,0,0,0,1,0,0,0,1,0,0,0,0,0,0,0,0,0,0,0,0,1,0.526315789473684,0.323232323232323,0.0319083795552801,0
0,1,0,0,0,1,0,0,0,0,1,0,0,0,0,0,0,0,1,0,0,0,0,0.526315789473684,0.0101010101010101,0.0159104752976493,0
0,1,0,0,0,1,0,0,0,0,1,0,0,0,0,0,0,0,0,0,0,0,1,0.526315789473684,0.0707070707070707,0.0159104752976493,0
0,1,0,0,0,1,0,0,0,0,1,0,0,0,0,0,0,0,1,0,0,0,0,0.526315789473684,0.0808080808080808,0.0254392746842427,0
0,1,0,0,0,1,0,0,0,0,0,1,0,0,0,0,0,0,0,0,0,0,1,0.526315789473684,0.0707070707070707,0.180872426150449,0
0,1,0,0,0,1,0,0,0,0,0,0,0,1,0,0,1,0,0,0,0,0,0,0.526315789473684,0.0909090909090909,0.0359296969054934,0
0,1,0,0,0,1,0,0,0,0,0,0,0,1,0,0,0,1,0,0,0,0,0,0.526315789473684,0.131313131313131,0.0454585282004663,0
0,1,0,0,0,1,0,0,0,0,0,0,0,0,1,0,0,0,0,0,0,1,0,0.526315789473684,0.181818181818182,0.0319083795552801,0
1,0,0,1,0,0,0,0,0,0,0,1,0,0,0,0,1,0,0,0,0,0,0,0.539473684210526,0.0101010101010101,0.00804266660880614,0
0,1,1,0,0,0,0,0,0,1,0,0,0,0,0,0,0,0,0,0,0,0,1,0.539473684210526,0.131313131313131,0.0170469560522698,0
0,1,0,1,0,0,0,0,0,0,0,0,0,0,1,0,0,0,0,0,1,0,0,0.539473684210526,0.0202020202020202,0.0159979042576308,0
0,1,0,0,1,0,0,0,0,0,0,1,0,0,0,0,1,0,0,0,0,0,0,0.539473684210526,0.252525252525253,0.0306845017490578,0
0,1,0,0,1,0,0,0,0,0,0,0,1,0,0,0,0,0,0,0,0,0,1,0.539473684210526,0.0303030303030303,0.0456333542120497,0
0,1,0,0,1,0,0,0,0,0,0,0,0,1,0,0,0,0,0,0,0,0,1,0.539473684210526,0.151515151515152,0.061718687429662,0
0,1,0,0,1,0,0,0,0,0,0,0,0,0,0,1,0,0,0,0,0,0,1,0.539473684210526,0.121212121212121,0.0159104752976493,0
0,1,0,0,0,1,0,0,0,0,1,0,0,0,0,0,0,0,0,0,0,0,1,0.539473684210526,0.121212121212121,0.0294606239428355,0
0,1,0,0,0,1,0,0,0,0,0,1,0,0,0,0,0,0,0,1,0,0,0,0.539473684210526,0.0101010101010101,0.0159979042576308,0
0,1,0,0,0,1,0,0,0,0,0,1,0,0,0,0,0,0,1,0,0,0,0,0.539473684210526,0.111111111111111,0.0331322573615025,0
0,1,0,0,0,1,0,0,0,0,0,1,0,0,0,0,0,0,0,0,0,0,1,0.539473684210526,0.181818181818182,0.118541799817676,0
0,1,0,0,0,1,0,0,0,0,0,0,1,0,0,0,0,0,0,1,0,0,0,0.539473684210526,0.0101010101010101,0.0159104752976493,0
0,1,0,0,0,1,0,0,0,0,0,0,1,0,0,0,0,0,1,0,0,0,0,0.539473684210526,0.161616161616162,0.0159104752976493,0
0,1,0,0,0,1,0,0,0,0,0,0,0,1,0,0,0,0,0,0,1,0,0,0.539473684210526,0.111111111111111,0.0158230463376679,0
0,1,0,0,0,1,0,0,0,0,0,0,0,0,1,0,0,0,0,0,0,0,1,0.539473684210526,0.0808080808080808,0.0589212159772914,0.5
0,1,0,1,0,0,0,0,0,1,0,0,0,0,0,0,0,0,0,0,0,1,0,0.552631578947368,0.121212121212121,0.0319083795552801,0
0,1,0,1,0,0,0,0,0,0,1,0,0,0,0,0,1,0,0,0,0,0,0,0.552631578947368,0.141414141414141,0.0148614235030104,0
0,1,0,0,0,1,0,0,0,1,0,0,0,0,0,0,0,1,0,0,0,0,0,0.552631578947368,0.181818181818182,0.0319083795552801,0
0,1,0,0,0,1,0,0,0,1,0,0,0,0,0,0,0,0,0,0,0,0,1,0.552631578947368,0.282828282828283,0.0319083795552801,0
0,1,0,0,0,1,0,0,0,0,0,0,1,0,0,0,0,0,0,0,0,0,1,0.552631578947368,0.0707070707070707,0.0319083795552801,0
0,1,0,0,0,1,0,0,0,0,0,0,0,0,1,0,0,0,0,0,1,0,0,0.552631578947368,0.101010101010101,0.0159979042576308,0
0,1,0,0,0,1,0,0,0,0,0,0,0,0,1,0,0,0,0,0,0,0,1,0.552631578947368,0.202020202020202,0.0319083795552801,0
0,1,0,0,0,1,0,0,0,0,0,0,0,0,0,1,1,0,0,0,0,0,0,0.552631578947368,0.0303030303030303,0.0104029932612693,0
0,1,0,0,0,0,0,1,0,0,0,0,1,0,0,0,0,1,0,0,0,0,0,0.552631578947368,0.171717171717172,0.0312090116921875,0
0,1,0,0,1,0,0,0,0,0,0,1,0,0,0,0,0,0,0,0,1,0,0,0.565789473684211,0.0606060606060606,0.0158230463376679,0
0,1,0,0,1,0,0,0,0,0,0,1,0,0,0,0,0,0,0,1,0,0,0,0.565789473684211,0.111111111111111,0.0208060184309182,0
0,1,0,0,0,1,0,0,0,0,1,0,0,0,0,0,1,0,0,0,0,0,0,0.565789473684211,0.111111111111111,0.0319083795552801,0
0,1,0,0,0,1,0,0,0,0,1,0,0,0,0,0,0,1,0,0,0,0,0,0.565789473684211,0.141414141414141,0.0372410036716972,0
0,1,0,0,0,1,0,0,0,0,1,0,0,0,0,0,1,0,0,0,0,0,0,0.565789473684211,0.373737373737374,0.0298103078743818,0
0,1,0,0,0,1,0,0,0,0,0,1,0,0,0,0,0,1,0,0,0,0,0,0.565789473684211,0.202020202020202,0.0158230463376679,0
0,1,0,0,0,1,0,0,0,0,0,0,0,1,0,0,0,0,0,0,0,0,1,0.565789473684211,0.191919191919192,0.0796398054482282,0
1,0,0,0,0,1,0,0,0,0,0,0,0,1,0,0,1,0,0,0,0,0,0,0.578947368421053,0.191919191919192,0.0313838696121505,0
0,1,1,0,0,0,0,0,0,0,1,0,0,0,0,0,0,0,0,0,0,1,0,0.578947368421053,0.0101010101010101,0.0297228789144003,0
0,1,0,1,0,0,0,0,0,0,0,1,0,0,0,0,0,0,1,0,0,0,0,0.578947368421053,0,0.0115394740158897,0
0,1,0,1,0,0,0,0,0,0,0,1,0,0,0,0,0,0,0,0,0,0,1,0.578947368421053,0.0909090909090909,0.0106652801412137,0
0,1,0,1,0,0,0,0,0,0,0,0,0,0,1,0,0,1,0,0,0,0,0,0.578947368421053,0.121212121212121,0.0064691048710375,0
0,1,0,0,1,0,0,0,0,0,0,0,0,1,0,0,0,0,0,1,0,0,0,0.578947368421053,0.181818181818182,0.0295480209944374,0
0,1,0,0,1,0,0,0,0,0,0,0,0,0,1,0,0,0,0,0,0,0,1,0.578947368421053,0.151515151515152,0.0319083795552801,0
0,1,0,0,0,1,0,0,0,0,0,0,1,0,0,0,0,1,0,0,0,0,0,0.578947368421053,0.111111111111111,0.0319083795552801,0
0,1,0,0,0,0,0,1,0,0,0,0,1,0,0,0,1,0,0,0,0,0,0,0.578947368421053,0.222222222222222,0.0078678086888432,0
0,1,0,1,0,0,0,0,0,1,0,0,0,0,0,0,0,0,0,0,0,0,1,0.592105263157895,0.131313131313131,0.0240405708664369,0
0,1,0,1,0,0,0,0,0,0,0,0,1,0,0,0,0,1,0,0,0,0,0,0.592105263157895,0.181818181818182,0.0306845017490578,0
0,1,0,1,0,0,0,0,0,0,0,0,0,0,1,0,1,0,0,0,0,0,0,0.592105263157895,0.161616161616162,0.0319083795552801,0
0,1,0,0,1,0,0,0,0,0,0,0,1,0,0,0,0,0,0,0,0,0,1,0.592105263157895,0.0101010101010101,0.0307719307090393,0
0,1,0,0,1,0,0,0,0,0,0,0,0,1,0,0,0,1,0,0,0,0,0,0.592105263157895,0.151515151515152,0.00148613277778717,0
0,1,0,0,0,1,0,0,0,0,0,1,0,0,0,0,0,0,1,0,0,0,0,0.592105263157895,0.242424242424242,0.0159104752976493,0
0,1,0,0,0,0,1,0,0,0,0,1,0,0,0,0,0,0,0,0,1,0,0,0.592105263157895,0.0303030303030303,0.0319083795552801,0
0,1,0,0,0,0,1,0,0,0,0,1,0,0,0,0,0,0,1,0,0,0,0,0.592105263157895,0.161616161616162,0.0110149321643805,0
0,1,0,0,0,0,1,0,0,0,0,0,0,1,0,0,0,1,0,0,0,0,0,0.592105263157895,0.171717171717172,0.0319083795552801,0
0,1,1,0,0,0,0,0,0,0,0,1,0,0,0,0,0,0,0,0,0,0,1,0.618421052631579,0.0707070707070707,0.0472069159498183,0
0,1,0,0,1,0,0,0,0,1,0,0,0,0,0,0,1,0,0,0,0,0,0,0.618421052631579,0.121212121212121,0.0262260715073168,0
0,1,0,0,0,1,0,0,0,1,0,0,0,0,0,0,0,0,0,0,0,0,1,0.618421052631579,0.101010101010101,0.0319958085152616,0
0,1,0,0,0,1,0,0,0,0,1,0,0,0,0,0,0,0,1,0,0,0,0,0.618421052631579,0.171717171717172,0.0318209505952987,0
0,1,0,0,0,1,0,0,0,0,0,0,0,1,0,0,0,1,0,0,0,0,0,0.618421052631579,0.141414141414141,0.0479937127728924,0
0,1,1,0,0,0,0,0,0,0,0,1,0,0,0,0,0,0,0,0,0,0,1,0.631578947368421,0.0808080808080808,0.0160853332176123,0
0,1,0,1,0,0,0,0,0,0,1,0,0,0,0,0,0,0,0,0,0,0,1,0.631578947368421,0.0505050505050505,0.0294606239428355,0
0,1,0,1,0,0,0,0,0,0,0,1,0,0,0,0,0,0,0,0,0,0,1,0.631578947368421,0.0404040404040404,0.0638167591105603,0
0,1,0,0,0,1,0,0,0,0,0,1,0,0,0,0,0,0,1,0,0,0,0,0.631578947368421,0.0505050505050505,0.0159979042576308,0
0,1,0,0,0,1,0,0,0,0,0,1,0,0,0,0,0,0,0,0,0,0,1,0.631578947368421,0.161616161616162,0.0318209505952987,0
0,1,1,0,0,0,0,0,0,0,0,1,0,0,0,0,0,0,0,0,1,0,0,0.644736842105263,0.151515151515152,0.0319083795552801,0
1,0,0,0,0,1,0,0,0,0,0,0,0,0,1,0,0,0,0,0,0,0,1,0.657894736842105,0.0202020202020202,0.000611938903111163,0
0,1,1,0,0,0,0,0,0,1,0,0,0,0,0,0,0,1,0,0,0,0,0,0.657894736842105,0.101010101010101,0.00017482601158338,0
0,1,0,0,1,0,0,0,0,0,1,0,0,0,0,0,0,0,0,0,0,0,1,0.657894736842105,0.444444444444444,0.0319083795552801,0
0,1,0,0,1,0,0,0,0,0,0,1,0,0,0,0,0,0,0,1,0,0,0,0.657894736842105,0.151515151515152,0.0319083795552801,0
0,1,0,0,0,1,0,0,0,1,0,0,0,0,0,0,1,0,0,0,0,0,0,0.657894736842105,0.474747474747475,0.0299851338859652,0
0,1,0,0,0,1,0,0,0,1,0,0,0,0,0,0,1,0,0,0,0,0,0,0.657894736842105,0.505050505050505,0.0156482203260845,0
0,1,0,0,0,1,0,0,0,0,1,0,0,0,0,0,1,0,0,0,0,0,0,0.657894736842105,0.161616161616162,0.0203689055393904,0
0,1,0,1,0,0,0,0,0,0,0,1,0,0,0,0,0,0,0,1,0,0,0,0.671052631578947,0.141414141414141,0.0159104752976493,0
0,1,0,0,0,1,0,0,0,0,0,0,1,0,0,0,0,0,0,0,0,0,1,0.671052631578947,0.0606060606060606,0.0461578641551794,0
0,1,0,0,0,1,0,0,0,0,0,1,0,0,0,0,1,0,0,0,0,0,0,0.697368421052632,0.171717171717172,0.0319083795552801,0
0,1,0,0,0,1,0,0,0,0,1,0,0,0,0,0,0,0,0,0,0,1,0,0.710526315789474,0.141414141414141,0.0159104752976493,0
0,1,0,0,0,1,0,0,0,0,0,0,1,0,0,0,0,0,0,0,0,0,1,0.75,0.0505050505050505,0.0319083795552801,0
0,1,0,0,0,1,0,0,0,0,0,0,1,0,0,0,0,0,0,0,1,0,0,0.763157894736842,0.161616161616162,0.0130256067936769,0
0,1,0,0,0,1,0,0,0,1,0,0,0,0,0,0,0,0,0,0,0,0,1,0.776315789473684,0.181818181818182,0.032170634526845,0
0,1,0,0,0,1,0,0,0,0,0,0,1,0,0,0,0,0,0,0,0,0,1,0.776315789473684,0.252525252525253,0.0319083795552801,0
0,1,0,0,0,1,0,0,0,0,0,1,0,0,0,0,0,0,0,0,1,0,0,0.815789473684211,0.191919191919192,0.0312090116921875,0
1,0,0,0,0,1,0,0,0,1,0,0,0,0,0,0,0,0,0,0,0,0,1,0.842105263157895,0.363636363636364,0.0427484857080773,0
